sensor,n_segmen,acf_lag1,acf_lag5,acf_lag15,acf_lag60,acf_diff_lag1,acf_diff_lag5,acf_diff_lag15,acf_diff_lag60,adf_n,adf_stat,adf_p,stasioner_adf,turun_drastis_setelah_diff
sensor_00,5,0.9945,0.9749,0.9472,0.8959,-0.2187,-0.0289,-0.1089,-0.019,85525,-6.82,0.0,ya,True
sensor_01,4,0.9856,0.9801,0.9719,0.9484,-0.2449,-0.0121,-0.0003,0.0002,141503,-4.83,0.0,ya,True
sensor_02,1,0.9994,0.9994,0.9991,0.9965,-0.4735,0.0076,0.0034,-0.0007,220320,-2.204,0.205,tidak,True
sensor_03,1,0.9989,0.9985,0.9963,0.9775,-0.4639,0.008,0.0045,0.0018,220320,-7.147,0.0,ya,True
sensor_04,1,0.9983,0.9967,0.9928,0.9757,-0.3324,0.0421,-0.0141,0.0016,220320,-6.452,0.0,ya,True
sensor_05,1,0.9956,0.9822,0.956,0.8878,-0.1359,-0.0907,-0.101,-0.0088,220320,-13.673,0.0,ya,True
sensor_06,4,0.9933,0.9727,0.9375,0.8333,-0.0971,-0.0723,-0.0069,0.0027,104393,-11.783,0.0,ya,True
sensor_07,4,0.9899,0.9563,0.9149,0.8213,0.0087,-0.0091,-0.0235,-0.0023,85494,-9.565,0.0,ya,True
sensor_08,3,0.989,0.9651,0.9238,0.8196,-0.1619,-0.0009,-0.0138,-0.0089,104477,-14.126,0.0,ya,True
sensor_09,3,0.9579,0.8749,0.7835,0.6657,-0.1939,-0.0328,-0.0126,0.0335,130165,-13.359,0.0,ya,True
sensor_10,1,0.9974,0.9839,0.9593,0.9197,0.0821,-0.0444,-0.0245,-0.003,220320,-12.61,0.0,ya,True
sensor_11,1,0.9981,0.9906,0.9753,0.9493,0.0038,-0.0158,-0.0432,0.0035,220320,-9.471,0.0,ya,True
sensor_12,1,0.998,0.9845,0.9625,0.9297,0.1943,-0.0634,-0.0281,0.0013,220320,-10.812,0.0,ya,True
sensor_13,1,0.996,0.9829,0.961,0.9201,-0.0799,-0.0532,0.0022,0.0307,220320,-12.617,0.0,ya,True
sensor_14,1,0.9992,0.996,0.991,0.9808,0.0451,-0.0113,0.001,-0.0023,220320,-5.945,0.0,ya,True
sensor_16,1,0.9985,0.9931,0.9859,0.9732,0.0173,-0.0402,-0.0022,-0.0041,220320,-7.032,0.0,ya,True
sensor_17,1,0.9977,0.9938,0.987,0.9729,-0.2766,-0.0113,-0.0011,-0.0028,220320,-6.9,0.0,ya,True
sensor_18,1,0.9925,0.9834,0.9688,0.9454,-0.322,-0.0078,-0.0012,-0.0014,220320,-9.809,0.0,ya,True
sensor_19,1,0.9995,0.9981,0.9947,0.9848,-0.0794,0.0029,-0.0089,0.004,220320,-5.17,0.0,ya,True
sensor_20,1,0.9996,0.9982,0.9948,0.9841,-0.0432,-0.005,-0.0109,0.0002,220320,-5.283,0.0,ya,True
sensor_21,1,0.9995,0.9979,0.9939,0.9816,-0.1175,0.0133,-0.0078,0.0047,220320,-5.674,0.0,ya,True
sensor_22,1,0.9996,0.998,0.9945,0.9837,-0.0652,0.0207,-0.0032,0.0031,220320,-5.369,0.0,ya,True
sensor_23,1,0.9996,0.9981,0.9946,0.9838,-0.0575,0.0136,0.0015,0.0031,220320,-5.341,0.0,ya,True
sensor_24,1,0.9993,0.9971,0.9918,0.976,-0.1172,0.02,-0.0104,0.0024,220320,-6.538,0.0,ya,True
sensor_25,1,0.9994,0.9977,0.9946,0.9831,-0.1216,-0.0078,-0.0056,-0.0006,220320,-5.632,0.0,ya,True
sensor_26,1,0.9995,0.9976,0.9931,0.9776,-0.0881,-0.0339,-0.0091,-0.0004,220320,-6.665,0.0,ya,True
sensor_27,1,0.9795,0.9646,0.9244,0.8237,-0.4616,-0.0008,-0.0007,0.0087,220320,-19.437,0.0,ya,True
sensor_28,1,0.9979,0.9897,0.9789,0.9502,-0.0418,-0.0605,-0.0108,-0.0108,220320,-9.875,0.0,ya,True
sensor_29,2,0.9833,0.9765,0.9683,0.9456,-0.3673,0.0174,0.0014,0.0018,114326,-3.844,0.0025,ya,True
sensor_30,2,0.9921,0.9816,0.9686,0.9389,-0.3213,-0.0074,-0.0094,-0.001,166172,-9.245,0.0,ya,True
sensor_31,1,0.9856,0.9724,0.9594,0.9314,-0.3253,-0.0154,-0.003,-0.0043,220320,-10.349,0.0,ya,True
sensor_32,2,0.9895,0.97,0.9459,0.9166,-0.2755,0.0017,-0.006,0.0113,151665,-10.599,0.0,ya,True
sensor_33,1,0.9956,0.982,0.9688,0.9515,-0.0759,-0.027,-0.0321,-0.0087,220320,-9.025,0.0,ya,True
sensor_34,1,0.9974,0.9862,0.9751,0.9614,0.1766,-0.0494,-0.0304,-0.0018,220320,-7.875,0.0,ya,True
sensor_35,1,0.9973,0.9863,0.974,0.9573,0.0766,-0.0221,-0.0243,0.0004,220320,-8.26,0.0,ya,True
sensor_36,1,0.9994,0.9971,0.993,0.9795,-0.0261,-0.0489,-0.0084,-0.0014,220320,-5.867,0.0,ya,True
sensor_37,1,0.9564,0.9421,0.9139,0.8412,-0.4381,0.0017,0.0035,-0.002,220320,-16.488,0.0,ya,True
sensor_38,1,0.995,0.9282,0.7573,0.4763,0.6894,0.009,-0.0502,-0.0024,220320,-39.824,0.0,ya,False
sensor_39,1,0.9971,0.9519,0.7844,0.4717,0.7466,0.2004,-0.0482,0.0388,220320,-38.857,0.0,ya,False
sensor_40,1,0.9912,0.8788,0.6711,0.4392,0.7038,-0.0845,-0.0576,0.0034,220320,-39.122,0.0,ya,False
sensor_41,1,0.9965,0.9477,0.8031,0.5282,0.6586,0.0932,-0.0446,0.001,220320,-34.535,0.0,ya,False
sensor_42,1,0.9983,0.9725,0.8678,0.4885,0.6733,0.2551,-0.0041,-0.0492,220320,-33.273,0.0,ya,False
sensor_43,1,0.9951,0.9291,0.7577,0.4074,0.6944,0.0135,-0.0676,-0.0098,220320,-37.164,0.0,ya,False
sensor_44,1,0.9303,0.8484,0.6061,0.3752,-0.4051,0.0093,-0.0097,-0.0001,220320,-43.599,0.0,ya,True
sensor_45,1,0.9952,0.9192,0.6735,0.3709,0.754,0.1599,-0.1301,-0.0224,220320,-42.084,0.0,ya,False
sensor_46,1,0.9949,0.9066,0.6199,0.3125,0.8078,0.21,-0.1712,-0.0115,220320,-44.799,0.0,ya,False
sensor_47,1,0.9948,0.9107,0.6218,0.322,0.7026,0.2204,-0.1497,0.0016,220320,-45.07,0.0,ya,False
sensor_48,1,0.9987,0.9796,0.9219,0.8144,0.7446,0.0719,-0.0654,-0.0047,220320,-20.665,0.0,ya,False
sensor_49,1,0.9976,0.9618,0.8405,0.6233,0.7227,0.15,-0.0783,0.0054,220320,-30.109,0.0,ya,False
