lag,ambient_temp_c,heater_power_kw,vibration_axis1_mm_s,gas_raw_sensor1_mv,co2_ppm
1,-0.013,0.0075,0.0274,-0.0091,0.0117
2,-0.0067,0.0231,0.0074,0.0002,-0.01
3,-0.0013,0.0215,0.0049,-0.0046,-0.0029
4,-0.0058,-0.0214,0.0343,0.0185,0.0003
5,0.0147,-0.0073,0.0232,0.0182,0.0078
6,-0.0018,-0.0057,0.0217,0.0011,0.0065
7,0.0083,0.0376,0.0118,0.0156,0.0067
8,-0.0174,-0.0026,-0.0108,-0.0127,0.0102
9,0.009,0.0184,-0.0064,0.0026,0.0062
10,-0.0048,-0.001,0.0041,0.0009,0.0102
11,0.0297,0.0045,0.0227,0.0056,0.0102
12,-0.0024,0.0021,0.0015,-0.0045,-0.0047
13,-0.0026,-0.002,-0.0121,0.0141,0.0087
14,0.0063,-0.0155,0.0144,-0.0075,0.0047
15,0.0063,0.0139,0.0148,0.0054,0.0044
16,0.0151,-0.0003,-0.0099,0.0062,0.0044
17,-0.0161,-0.0221,0.0031,0.002,0.0038
18,0.0098,0.0032,-0.0112,0.027,0.0119
19,-0.021,-0.0189,0.0005,0.0032,-0.0122
20,0.0025,0.0083,-0.0079,-0.0151,0.0082
21,-0.0147,-0.0109,-0.0191,0.0177,-0.0206
22,0.0135,-0.0023,0.0007,-0.0114,-0.0026
23,0.0065,0.021,-0.011,-0.0055,0.018
24,-0.0013,0.0199,-0.0113,0.0022,-0.0042
25,-0.0007,-0.0078,-0.0139,-0.0121,-0.0103
26,0.018,-0.0078,-0.0075,0.0028,-0.0091
27,0.0197,-0.0162,-0.0,-0.0008,0.0196
28,-0.0066,0.019,-0.0,-0.0315,0.018
29,0.0121,-0.0054,-0.0162,0.0022,0.0068
30,0.0032,0.0083,0.0089,0.0106,-0.0038
31,0.0156,-0.0213,0.0022,-0.008,-0.0054
32,0.0116,-0.0082,0.0287,0.0194,0.0241
33,-0.0096,-0.0025,-0.0229,0.0006,0.0057
34,0.0038,-0.0233,0.0012,-0.0131,0.0121
35,-0.0105,-0.0159,-0.0215,-0.0079,-0.0086
36,0.0101,0.0055,-0.0089,-0.0001,0.021
37,0.0035,0.0082,0.0102,0.0025,0.0183
38,-0.0125,0.0288,0.0044,-0.0191,0.0144
39,0.0028,0.0278,-0.0206,0.0274,0.0092
40,0.0084,-0.0029,-0.0093,0.0204,0.0094
41,0.0122,0.0136,-0.0011,-0.0126,0.0188
42,0.001,0.011,-0.017,-0.0065,-0.0013
43,-0.02,0.0003,0.0139,-0.008,-0.0212
44,0.0032,-0.0009,-0.0095,-0.0124,-0.012
45,-0.0109,-0.0173,0.014,-0.0041,-0.001
46,0.0044,-0.0088,0.0073,-0.0141,0.006
47,-0.0131,0.0093,0.0045,0.0178,0.0025
48,-0.007,0.0166,-0.0026,-0.0121,-0.0039
49,0.0094,-0.0304,0.0111,0.0103,-0.0024
50,-0.0229,0.0177,-0.0133,0.0165,0.0223
51,0.0138,-0.0354,0.0346,-0.015,0.0291
52,-0.0026,-0.0087,-0.0345,-0.0073,-0.018
53,-0.003,-0.0073,-0.0256,0.014,0.0037
54,-0.0218,-0.0203,0.0091,0.0143,0.0027
55,0.0091,0.0113,0.012,-0.0045,0.0063
56,-0.0257,0.0119,0.0306,0.0092,-0.0191
57,0.0067,-0.0,0.0123,-0.0069,0.0065
58,-0.0092,0.0225,-0.0119,-0.017,0.0055
59,-0.0372,-0.0161,0.0205,0.002,0.0239
60,0.0269,-0.0118,-0.0007,-0.0038,-0.0219
