,mean,std,skewness,min,max
ambient_temp_c,24.014,2.491,-0.012,15.897,33.816
process_temp_c,31.961,4.042,0.016,16.31,46.116
ambient_humidity_pct,55.084,7.99,-0.008,27.995,82.431
pressure_kpa,101.325,1.505,-0.008,95.515,108.019
airflow_rate_m3h,498.532,78.67,-0.015,207.593,788.908
fan_speed_rpm,1199.014,149.919,0.029,681.997,1753.744
exhaust_damper_pct,55.053,20.269,0.005,20.001,89.992
intake_damper_pct,54.799,20.382,0.018,20.007,89.998
heater_power_kw,14.963,8.607,-0.02,0.003,29.995
chiller_load_pct,50.337,28.801,-0.016,0.001,99.977
vibration_axis1_mm_s,2.046,0.605,-0.025,0.077,4.091
vibration_axis2_mm_s,2.102,0.606,-0.067,0.047,4.347
vibration_axis3_mm_s,2.155,0.607,0.002,0.153,4.233
vibration_axis4_mm_s,2.21,0.601,0.009,0.036,4.297
vibration_axis5_mm_s,2.251,0.589,0.001,0.384,4.372
vibration_axis6_mm_s,2.291,0.598,0.029,0.01,4.556
vibration_axis7_mm_s,2.351,0.608,0.021,0.265,4.513
vibration_axis8_mm_s,2.414,0.606,-0.003,0.344,4.463
vibration_axis9_mm_s,2.451,0.597,0.032,0.434,4.748
vibration_axis10_mm_s,2.501,0.597,0.006,0.277,4.717
vibration_axis11_mm_s,2.54,0.601,0.049,0.374,4.81
vibration_axis12_mm_s,2.597,0.597,-0.053,0.562,4.76
vibration_axis13_mm_s,2.668,0.595,0.012,0.38,5.171
vibration_axis14_mm_s,2.705,0.601,-0.014,0.621,4.96
vibration_axis15_mm_s,2.747,0.609,0.001,0.529,4.816
vibration_axis16_mm_s,2.794,0.588,-0.039,0.4,4.799
vibration_axis17_mm_s,2.85,0.602,0.001,0.813,5.02
vibration_axis18_mm_s,2.908,0.607,0.007,0.762,5.125
vibration_axis19_mm_s,2.952,0.6,0.028,0.938,4.897
vibration_axis20_mm_s,2.985,0.596,-0.015,0.753,5.737
gas_raw_sensor1_mv,410.787,39.877,0.007,258.215,556.609
gas_raw_sensor2_mv,420.464,39.469,-0.011,275.101,564.799
gas_raw_sensor3_mv,429.339,39.706,0.071,282.758,589.075
gas_raw_sensor4_mv,439.758,39.909,-0.017,296.038,562.278
gas_raw_sensor5_mv,450.001,40.25,0.034,308.637,595.045
gas_raw_sensor6_mv,460.287,39.953,-0.067,322.946,591.062
gas_raw_sensor7_mv,470.855,39.635,0.003,330.124,600.382
gas_raw_sensor8_mv,479.251,40.189,-0.054,305.038,618.573
gas_raw_sensor9_mv,489.458,40.178,-0.039,352.331,632.578
gas_raw_sensor10_mv,500.222,39.797,0.0,368.765,651.288
room_occupancy_index,0.5,0.199,0.013,0.0,1.0
process_load_index,0.589,0.238,-0.209,0.0,1.0
leak_risk_score,0.013,0.516,0.003,-1.769,2.0
o2_pct,19.578,0.379,0.009,18.363,21.0
co2_ppm,1294.473,265.859,-0.046,350.0,2178.425
co_ppm,13.99,6.948,-0.021,0.073,27.996
