sensor,nan_mentah,diinterpolasi_lama,diinterpolasi_baru,tetap_nan_baru,diisi_lama_dikosongkan_lagi
sensor_00,10208,10208,18,10190,10190
sensor_01,369,369,54,315,315
sensor_02,19,19,19,0,0
sensor_03,19,19,19,0,0
sensor_04,19,19,19,0,0
sensor_05,19,19,19,0,0
sensor_06,4798,4798,19,4779,4779
sensor_07,5451,5451,22,5429,5429
sensor_08,5107,5107,19,5088,5088
sensor_09,4595,4595,28,4567,4567
sensor_10,19,19,19,0,0
sensor_11,19,19,19,0,0
sensor_12,19,19,19,0,0
sensor_13,19,19,19,0,0
sensor_14,21,21,21,0,0
sensor_16,31,31,31,0,0
sensor_17,46,46,46,0,0
sensor_18,46,46,46,0,0
sensor_19,16,16,16,0,0
sensor_20,16,16,16,0,0
sensor_21,16,16,16,0,0
sensor_22,41,41,41,0,0
sensor_23,16,16,16,0,0
sensor_24,16,16,16,0,0
sensor_25,36,36,36,0,0
sensor_26,20,20,20,0,0
sensor_27,16,16,16,0,0
sensor_28,16,16,16,0,0
sensor_29,72,72,31,41,41
sensor_30,261,261,22,239,239
sensor_31,16,16,16,0,0
sensor_32,68,68,33,35,35
sensor_33,16,16,16,0,0
sensor_34,16,16,16,0,0
sensor_35,16,16,16,0,0
sensor_36,16,16,16,0,0
sensor_37,16,16,16,0,0
sensor_38,27,27,27,0,0
sensor_39,27,27,27,0,0
sensor_40,27,27,27,0,0
sensor_41,27,27,27,0,0
sensor_42,27,27,27,0,0
sensor_43,27,27,27,0,0
sensor_44,27,27,27,0,0
sensor_45,27,27,27,0,0
sensor_46,27,27,27,0,0
sensor_47,27,27,27,0,0
sensor_48,27,27,27,0,0
sensor_49,27,27,27,0,0
TOTAL,31854,31854,1171,30683,30683
