sensor,jumlah_celah,median,p90,terpanjang
sensor_00,11,3.0,3103.0,6076
sensor_01,19,3.0,32.39999999999999,200
sensor_02,8,1.0,4.499999999999999,8
sensor_03,8,1.0,4.499999999999999,8
sensor_04,8,1.0,4.499999999999999,8
sensor_05,8,1.0,4.499999999999999,8
sensor_06,12,3.0,238.10000000000002,4299
sensor_07,13,2.0,492.40000000000026,4668
sensor_08,11,3.0,701.0,4227
sensor_09,13,3.0,248.00000000000017,4212
sensor_10,8,1.0,4.499999999999999,8
sensor_11,8,1.0,4.499999999999999,8
sensor_12,8,1.0,4.499999999999999,8
sensor_13,8,1.0,4.499999999999999,8
sensor_14,8,1.0,5.8999999999999995,8
sensor_15,1,220320.0,220320.0,220320
sensor_16,8,1.0,10.099999999999998,15
sensor_17,9,1.0,15.0,15
sensor_18,9,1.0,15.0,15
sensor_19,7,1.0,5.000000000000002,8
sensor_20,7,1.0,5.000000000000002,8
sensor_21,7,1.0,5.000000000000002,8
sensor_22,9,1.0,11.0,15
sensor_23,7,1.0,5.000000000000002,8
sensor_24,7,1.0,5.000000000000002,8
sensor_25,9,1.0,9.200000000000001,14
sensor_26,8,1.0,5.199999999999999,8
sensor_27,7,1.0,5.000000000000002,8
sensor_28,7,1.0,5.000000000000002,8
sensor_29,12,1.0,10.700000000000001,41
sensor_30,10,1.0,31.099999999999916,239
sensor_31,7,1.0,5.000000000000002,8
sensor_32,13,1.0,7.600000000000001,35
sensor_33,7,1.0,5.000000000000002,8
sensor_34,7,1.0,5.000000000000002,8
sensor_35,7,1.0,5.000000000000002,8
sensor_36,7,1.0,5.000000000000002,8
sensor_37,7,1.0,5.000000000000002,8
sensor_38,9,1.0,8.0,8
sensor_39,9,1.0,8.0,8
sensor_40,9,1.0,8.0,8
sensor_41,9,1.0,8.0,8
sensor_42,9,1.0,8.0,8
sensor_43,9,1.0,8.0,8
sensor_44,9,1.0,8.0,8
sensor_45,9,1.0,8.0,8
sensor_46,9,1.0,8.0,8
sensor_47,9,1.0,8.0,8
sensor_48,9,1.0,8.0,8
sensor_49,9,1.0,8.0,8
sensor_50,8,1.0,23104.399999999987,76996
sensor_51,10,2.0,1542.7999999999945,15356
