sensor,awal,akhir,panjang_menit
sensor_00,2018-04-12 22:00:00,2018-04-13 13:15:00,916
sensor_00,2018-04-18 00:31:00,2018-04-20 04:13:00,3103
sensor_00,2018-04-27 17:48:00,2018-04-27 17:55:00,8
sensor_00,2018-05-19 13:28:00,2018-05-19 15:02:00,95
sensor_00,2018-06-29 09:19:00,2018-07-03 14:34:00,6076
sensor_00,2018-07-03 15:35:00,2018-07-03 15:35:00,1
sensor_00,2018-07-03 15:53:00,2018-07-03 15:53:00,1
sensor_00,2018-07-04 13:57:00,2018-07-04 13:57:00,1
sensor_00,2018-07-04 15:05:00,2018-07-04 15:05:00,1
sensor_00,2018-07-11 09:12:00,2018-07-11 09:14:00,3
sensor_00,2018-08-31 18:48:00,2018-08-31 18:50:00,3
sensor_01,2018-04-02 09:22:00,2018-04-02 09:51:00,30
sensor_01,2018-04-18 10:32:00,2018-04-18 10:32:00,1
sensor_01,2018-04-19 09:23:00,2018-04-19 09:47:00,25
sensor_01,2018-04-27 17:48:00,2018-04-27 17:55:00,8
sensor_01,2018-07-03 15:35:00,2018-07-03 15:35:00,1
sensor_01,2018-07-03 15:53:00,2018-07-03 15:53:00,1
sensor_01,2018-07-04 13:57:00,2018-07-04 13:57:00,1
sensor_01,2018-07-04 15:05:00,2018-07-04 15:05:00,1
sensor_01,2018-07-05 16:10:00,2018-07-05 16:11:00,2
sensor_01,2018-07-05 16:14:00,2018-07-05 16:16:00,3
sensor_01,2018-07-05 16:40:00,2018-07-05 16:40:00,1
sensor_01,2018-07-05 16:45:00,2018-07-05 16:57:00,13
sensor_01,2018-07-11 09:12:00,2018-07-11 09:14:00,3
sensor_01,2018-07-26 15:49:00,2018-07-26 15:53:00,5
sensor_01,2018-07-26 15:55:00,2018-07-26 16:05:00,11
sensor_01,2018-07-26 16:11:00,2018-07-26 16:28:00,18
sensor_01,2018-07-26 16:30:00,2018-07-26 17:11:00,42
sensor_01,2018-07-26 17:13:00,2018-07-26 20:32:00,200
sensor_01,2018-08-31 18:48:00,2018-08-31 18:50:00,3
sensor_02,2018-04-18 10:32:00,2018-04-18 10:32:00,1
sensor_02,2018-04-27 17:48:00,2018-04-27 17:55:00,8
sensor_02,2018-07-03 15:35:00,2018-07-03 15:35:00,1
sensor_02,2018-07-03 15:53:00,2018-07-03 15:53:00,1
sensor_02,2018-07-04 13:57:00,2018-07-04 13:57:00,1
sensor_02,2018-07-04 15:05:00,2018-07-04 15:05:00,1
sensor_02,2018-07-11 09:12:00,2018-07-11 09:14:00,3
sensor_02,2018-08-31 18:48:00,2018-08-31 18:50:00,3
sensor_03,2018-04-18 10:32:00,2018-04-18 10:32:00,1
sensor_03,2018-04-27 17:48:00,2018-04-27 17:55:00,8
sensor_03,2018-07-03 15:35:00,2018-07-03 15:35:00,1
sensor_03,2018-07-03 15:53:00,2018-07-03 15:53:00,1
sensor_03,2018-07-04 13:57:00,2018-07-04 13:57:00,1
sensor_03,2018-07-04 15:05:00,2018-07-04 15:05:00,1
sensor_03,2018-07-11 09:12:00,2018-07-11 09:14:00,3
sensor_03,2018-08-31 18:48:00,2018-08-31 18:50:00,3
sensor_04,2018-04-18 10:32:00,2018-04-18 10:32:00,1
sensor_04,2018-04-27 17:48:00,2018-04-27 17:55:00,8
sensor_04,2018-07-03 15:35:00,2018-07-03 15:35:00,1
sensor_04,2018-07-03 15:53:00,2018-07-03 15:53:00,1
sensor_04,2018-07-04 13:57:00,2018-07-04 13:57:00,1
sensor_04,2018-07-04 15:05:00,2018-07-04 15:05:00,1
sensor_04,2018-07-11 09:12:00,2018-07-11 09:14:00,3
sensor_04,2018-08-31 18:48:00,2018-08-31 18:50:00,3
sensor_05,2018-04-18 10:32:00,2018-04-18 10:32:00,1
sensor_05,2018-04-27 17:48:00,2018-04-27 17:55:00,8
sensor_05,2018-07-03 15:35:00,2018-07-03 15:35:00,1
sensor_05,2018-07-03 15:53:00,2018-07-03 15:53:00,1
sensor_05,2018-07-04 13:57:00,2018-07-04 13:57:00,1
sensor_05,2018-07-04 15:05:00,2018-07-04 15:05:00,1
sensor_05,2018-07-11 09:12:00,2018-07-11 09:14:00,3
sensor_05,2018-08-31 18:48:00,2018-08-31 18:50:00,3
sensor_06,2018-04-13 00:00:00,2018-04-13 00:42:00,43
sensor_06,2018-04-18 10:32:00,2018-04-18 10:32:00,1
sensor_06,2018-04-18 19:09:00,2018-04-18 22:22:00,194
sensor_06,2018-04-27 17:48:00,2018-04-27 17:55:00,8
sensor_06,2018-06-30 10:16:00,2018-06-30 14:18:00,243
sensor_06,2018-06-30 15:27:00,2018-07-03 15:05:00,4299
sensor_06,2018-07-03 15:35:00,2018-07-03 15:35:00,1
sensor_06,2018-07-03 15:53:00,2018-07-03 15:53:00,1
sensor_06,2018-07-04 13:57:00,2018-07-04 13:57:00,1
sensor_06,2018-07-04 15:05:00,2018-07-04 15:05:00,1
sensor_06,2018-07-11 09:12:00,2018-07-11 09:14:00,3
sensor_06,2018-08-31 18:48:00,2018-08-31 18:50:00,3
sensor_07,2018-04-13 03:32:00,2018-04-13 03:32:00,1
sensor_07,2018-04-18 10:32:00,2018-04-18 10:32:00,1
sensor_07,2018-04-18 19:09:00,2018-04-18 22:22:00,194
sensor_07,2018-04-27 17:48:00,2018-04-27 17:55:00,8
sensor_07,2018-05-19 10:19:00,2018-05-19 19:45:00,567
sensor_07,2018-05-19 19:58:00,2018-05-19 19:59:00,2
sensor_07,2018-06-30 09:18:00,2018-07-03 15:05:00,4668
sensor_07,2018-07-03 15:35:00,2018-07-03 15:35:00,1
sensor_07,2018-07-03 15:53:00,2018-07-03 15:53:00,1
sensor_07,2018-07-04 13:57:00,2018-07-04 13:57:00,1
sensor_07,2018-07-04 15:05:00,2018-07-04 15:05:00,1
sensor_07,2018-07-11 09:12:00,2018-07-11 09:14:00,3
sensor_07,2018-08-31 18:48:00,2018-08-31 18:50:00,3
sensor_08,2018-04-18 10:32:00,2018-04-18 10:32:00,1
sensor_08,2018-04-18 10:41:00,2018-04-18 22:21:00,701
sensor_08,2018-04-27 17:48:00,2018-04-27 17:55:00,8
sensor_08,2018-06-30 11:39:00,2018-06-30 14:18:00,160
sensor_08,2018-06-30 15:45:00,2018-07-03 14:11:00,4227
sensor_08,2018-07-03 15:35:00,2018-07-03 15:35:00,1
sensor_08,2018-07-03 15:53:00,2018-07-03 15:53:00,1
sensor_08,2018-07-04 13:57:00,2018-07-04 13:57:00,1
sensor_08,2018-07-04 15:05:00,2018-07-04 15:05:00,1
sensor_08,2018-07-11 09:12:00,2018-07-11 09:14:00,3
sensor_08,2018-08-31 18:48:00,2018-08-31 18:50:00,3
sensor_09,2018-04-18 10:32:00,2018-04-18 10:32:00,1
sensor_09,2018-04-27 17:48:00,2018-04-27 17:55:00,8
sensor_09,2018-06-29 03:19:00,2018-06-29 03:25:00,7
sensor_09,2018-06-30 09:22:00,2018-06-30 09:23:00,2
sensor_09,2018-06-30 09:25:00,2018-06-30 14:19:00,295
sensor_09,2018-06-30 16:00:00,2018-07-03 14:11:00,4212
sensor_09,2018-07-03 15:35:00,2018-07-03 15:35:00,1
sensor_09,2018-07-03 15:53:00,2018-07-03 15:53:00,1
sensor_09,2018-07-04 09:26:00,2018-07-04 10:25:00,60
sensor_09,2018-07-04 13:57:00,2018-07-04 13:57:00,1
sensor_09,2018-07-04 15:05:00,2018-07-04 15:05:00,1
sensor_09,2018-07-11 09:12:00,2018-07-11 09:14:00,3
sensor_09,2018-08-31 18:48:00,2018-08-31 18:50:00,3
sensor_10,2018-04-18 10:32:00,2018-04-18 10:32:00,1
sensor_10,2018-04-27 17:48:00,2018-04-27 17:55:00,8
sensor_10,2018-07-03 15:35:00,2018-07-03 15:35:00,1
sensor_10,2018-07-03 15:53:00,2018-07-03 15:53:00,1
sensor_10,2018-07-04 13:57:00,2018-07-04 13:57:00,1
sensor_10,2018-07-04 15:05:00,2018-07-04 15:05:00,1
sensor_10,2018-07-11 09:12:00,2018-07-11 09:14:00,3
sensor_10,2018-08-31 18:48:00,2018-08-31 18:50:00,3
sensor_11,2018-04-18 10:32:00,2018-04-18 10:32:00,1
sensor_11,2018-04-27 17:48:00,2018-04-27 17:55:00,8
sensor_11,2018-07-03 15:35:00,2018-07-03 15:35:00,1
sensor_11,2018-07-03 15:53:00,2018-07-03 15:53:00,1
sensor_11,2018-07-04 13:57:00,2018-07-04 13:57:00,1
sensor_11,2018-07-04 15:05:00,2018-07-04 15:05:00,1
sensor_11,2018-07-11 09:12:00,2018-07-11 09:14:00,3
sensor_11,2018-08-31 18:48:00,2018-08-31 18:50:00,3
sensor_12,2018-04-18 10:32:00,2018-04-18 10:32:00,1
sensor_12,2018-04-27 17:48:00,2018-04-27 17:55:00,8
sensor_12,2018-07-03 15:35:00,2018-07-03 15:35:00,1
sensor_12,2018-07-03 15:53:00,2018-07-03 15:53:00,1
sensor_12,2018-07-04 13:57:00,2018-07-04 13:57:00,1
sensor_12,2018-07-04 15:05:00,2018-07-04 15:05:00,1
sensor_12,2018-07-11 09:12:00,2018-07-11 09:14:00,3
sensor_12,2018-08-31 18:48:00,2018-08-31 18:50:00,3
sensor_13,2018-04-18 10:32:00,2018-04-18 10:32:00,1
sensor_13,2018-04-27 17:48:00,2018-04-27 17:55:00,8
sensor_13,2018-07-03 15:35:00,2018-07-03 15:35:00,1
sensor_13,2018-07-03 15:53:00,2018-07-03 15:53:00,1
sensor_13,2018-07-04 13:57:00,2018-07-04 13:57:00,1
sensor_13,2018-07-04 15:05:00,2018-07-04 15:05:00,1
sensor_13,2018-07-11 09:12:00,2018-07-11 09:14:00,3
sensor_13,2018-08-31 18:48:00,2018-08-31 18:50:00,3
sensor_14,2018-04-27 17:48:00,2018-04-27 17:55:00,8
sensor_14,2018-05-04 16:42:00,2018-05-04 16:42:00,1
sensor_14,2018-05-04 17:24:00,2018-05-04 17:24:00,1
sensor_14,2018-06-18 13:41:00,2018-06-18 13:41:00,1
sensor_14,2018-06-28 10:00:00,2018-06-28 10:04:00,5
sensor_14,2018-07-11 09:12:00,2018-07-11 09:14:00,3
sensor_14,2018-07-11 09:55:00,2018-07-11 09:55:00,1
sensor_14,2018-07-12 13:19:00,2018-07-12 13:19:00,1
sensor_15,2018-04-01 00:00:00,2018-08-31 23:59:00,220320
sensor_16,2018-04-27 17:48:00,2018-04-27 17:55:00,8
sensor_16,2018-05-04 16:42:00,2018-05-04 16:42:00,1
sensor_16,2018-05-04 17:24:00,2018-05-04 17:24:00,1
sensor_16,2018-06-18 13:41:00,2018-06-18 13:41:00,1
sensor_16,2018-06-28 10:00:00,2018-06-28 10:14:00,15
sensor_16,2018-07-11 09:12:00,2018-07-11 09:14:00,3
sensor_16,2018-07-11 09:55:00,2018-07-11 09:55:00,1
sensor_16,2018-07-12 13:19:00,2018-07-12 13:19:00,1
sensor_17,2018-04-27 17:48:00,2018-04-27 17:55:00,8
sensor_17,2018-05-04 16:42:00,2018-05-04 16:42:00,1
sensor_17,2018-05-04 17:24:00,2018-05-04 17:24:00,1
sensor_17,2018-06-18 13:41:00,2018-06-18 13:41:00,1
sensor_17,2018-06-27 06:00:00,2018-06-27 06:14:00,15
sensor_17,2018-06-28 10:00:00,2018-06-28 10:14:00,15
sensor_17,2018-07-11 09:12:00,2018-07-11 09:14:00,3
sensor_17,2018-07-11 09:55:00,2018-07-11 09:55:00,1
sensor_17,2018-07-12 13:19:00,2018-07-12 13:19:00,1
sensor_18,2018-04-27 17:48:00,2018-04-27 17:55:00,8
sensor_18,2018-05-04 16:42:00,2018-05-04 16:42:00,1
sensor_18,2018-05-04 17:24:00,2018-05-04 17:24:00,1
sensor_18,2018-06-18 13:41:00,2018-06-18 13:41:00,1
sensor_18,2018-06-27 06:00:00,2018-06-27 06:14:00,15
sensor_18,2018-06-28 10:00:00,2018-06-28 10:14:00,15
sensor_18,2018-07-11 09:12:00,2018-07-11 09:14:00,3
sensor_18,2018-07-11 09:55:00,2018-07-11 09:55:00,1
sensor_18,2018-07-12 13:19:00,2018-07-12 13:19:00,1
sensor_19,2018-04-27 17:48:00,2018-04-27 17:55:00,8
sensor_19,2018-05-04 16:42:00,2018-05-04 16:42:00,1
sensor_19,2018-05-04 17:24:00,2018-05-04 17:24:00,1
sensor_19,2018-06-18 13:41:00,2018-06-18 13:41:00,1
sensor_19,2018-07-11 09:12:00,2018-07-11 09:14:00,3
sensor_19,2018-07-11 09:55:00,2018-07-11 09:55:00,1
sensor_19,2018-07-12 13:19:00,2018-07-12 13:19:00,1
sensor_20,2018-04-27 17:48:00,2018-04-27 17:55:00,8
sensor_20,2018-05-04 16:42:00,2018-05-04 16:42:00,1
sensor_20,2018-05-04 17:24:00,2018-05-04 17:24:00,1
sensor_20,2018-06-18 13:41:00,2018-06-18 13:41:00,1
sensor_20,2018-07-11 09:12:00,2018-07-11 09:14:00,3
sensor_20,2018-07-11 09:55:00,2018-07-11 09:55:00,1
sensor_20,2018-07-12 13:19:00,2018-07-12 13:19:00,1
sensor_21,2018-04-27 17:48:00,2018-04-27 17:55:00,8
sensor_21,2018-05-04 16:42:00,2018-05-04 16:42:00,1
sensor_21,2018-05-04 17:24:00,2018-05-04 17:24:00,1
sensor_21,2018-06-18 13:41:00,2018-06-18 13:41:00,1
sensor_21,2018-07-11 09:12:00,2018-07-11 09:14:00,3
sensor_21,2018-07-11 09:55:00,2018-07-11 09:55:00,1
sensor_21,2018-07-12 13:19:00,2018-07-12 13:19:00,1
sensor_22,2018-04-27 17:48:00,2018-04-27 17:55:00,8
sensor_22,2018-05-04 16:42:00,2018-05-04 16:42:00,1
sensor_22,2018-05-04 17:24:00,2018-05-04 17:24:00,1
sensor_22,2018-06-18 13:41:00,2018-06-18 13:41:00,1
sensor_22,2018-06-27 06:00:00,2018-06-27 06:14:00,15
sensor_22,2018-06-28 08:00:00,2018-06-28 08:09:00,10
sensor_22,2018-07-11 09:12:00,2018-07-11 09:14:00,3
sensor_22,2018-07-11 09:55:00,2018-07-11 09:55:00,1
sensor_22,2018-07-12 13:19:00,2018-07-12 13:19:00,1
sensor_23,2018-04-27 17:48:00,2018-04-27 17:55:00,8
sensor_23,2018-05-04 16:42:00,2018-05-04 16:42:00,1
sensor_23,2018-05-04 17:24:00,2018-05-04 17:24:00,1
sensor_23,2018-06-18 13:41:00,2018-06-18 13:41:00,1
sensor_23,2018-07-11 09:12:00,2018-07-11 09:14:00,3
sensor_23,2018-07-11 09:55:00,2018-07-11 09:55:00,1
sensor_23,2018-07-12 13:19:00,2018-07-12 13:19:00,1
sensor_24,2018-04-27 17:48:00,2018-04-27 17:55:00,8
sensor_24,2018-05-04 16:42:00,2018-05-04 16:42:00,1
sensor_24,2018-05-04 17:24:00,2018-05-04 17:24:00,1
sensor_24,2018-06-18 13:41:00,2018-06-18 13:41:00,1
sensor_24,2018-07-11 09:12:00,2018-07-11 09:14:00,3
sensor_24,2018-07-11 09:55:00,2018-07-11 09:55:00,1
sensor_24,2018-07-12 13:19:00,2018-07-12 13:19:00,1
sensor_25,2018-04-27 17:48:00,2018-04-27 17:55:00,8
sensor_25,2018-05-04 16:42:00,2018-05-04 16:42:00,1
sensor_25,2018-05-04 17:24:00,2018-05-04 17:24:00,1
sensor_25,2018-06-18 13:41:00,2018-06-18 13:41:00,1
sensor_25,2018-06-28 00:00:00,2018-06-28 00:13:00,14
sensor_25,2018-06-28 04:00:00,2018-06-28 04:05:00,6
sensor_25,2018-07-11 09:12:00,2018-07-11 09:14:00,3
sensor_25,2018-07-11 09:55:00,2018-07-11 09:55:00,1
sensor_25,2018-07-12 13:19:00,2018-07-12 13:19:00,1
sensor_26,2018-04-27 17:48:00,2018-04-27 17:55:00,8
sensor_26,2018-05-04 16:42:00,2018-05-04 16:42:00,1
sensor_26,2018-05-04 17:24:00,2018-05-04 17:24:00,1
sensor_26,2018-06-18 13:41:00,2018-06-18 13:41:00,1
sensor_26,2018-06-27 20:00:00,2018-06-27 20:03:00,4
sensor_26,2018-07-11 09:12:00,2018-07-11 09:14:00,3
sensor_26,2018-07-11 09:55:00,2018-07-11 09:55:00,1
sensor_26,2018-07-12 13:19:00,2018-07-12 13:19:00,1
sensor_27,2018-04-27 17:48:00,2018-04-27 17:55:00,8
sensor_27,2018-05-04 16:42:00,2018-05-04 16:42:00,1
sensor_27,2018-05-04 17:24:00,2018-05-04 17:24:00,1
sensor_27,2018-06-18 13:41:00,2018-06-18 13:41:00,1
sensor_27,2018-07-11 09:12:00,2018-07-11 09:14:00,3
sensor_27,2018-07-11 09:55:00,2018-07-11 09:55:00,1
sensor_27,2018-07-12 13:19:00,2018-07-12 13:19:00,1
sensor_28,2018-04-27 17:48:00,2018-04-27 17:55:00,8
sensor_28,2018-05-04 16:42:00,2018-05-04 16:42:00,1
sensor_28,2018-05-04 17:24:00,2018-05-04 17:24:00,1
sensor_28,2018-06-18 13:41:00,2018-06-18 13:41:00,1
sensor_28,2018-07-11 09:12:00,2018-07-11 09:14:00,3
sensor_28,2018-07-11 09:55:00,2018-07-11 09:55:00,1
sensor_28,2018-07-12 13:19:00,2018-07-12 13:19:00,1
sensor_29,2018-04-27 17:48:00,2018-04-27 17:55:00,8
sensor_29,2018-05-04 16:42:00,2018-05-04 16:42:00,1
sensor_29,2018-05-04 17:24:00,2018-05-04 17:24:00,1
sensor_29,2018-06-16 10:41:00,2018-06-16 10:41:00,1
sensor_29,2018-06-18 09:33:00,2018-06-18 09:43:00,11
sensor_29,2018-06-18 09:55:00,2018-06-18 09:55:00,1
sensor_29,2018-06-18 13:41:00,2018-06-18 13:41:00,1
sensor_29,2018-06-18 14:00:00,2018-06-18 14:01:00,2
sensor_29,2018-06-19 09:26:00,2018-06-19 10:06:00,41
sensor_29,2018-07-11 09:12:00,2018-07-11 09:14:00,3
sensor_29,2018-07-11 09:55:00,2018-07-11 09:55:00,1
sensor_29,2018-07-12 13:19:00,2018-07-12 13:19:00,1
sensor_30,2018-04-27 17:48:00,2018-04-27 17:55:00,8
sensor_30,2018-05-04 16:42:00,2018-05-04 16:42:00,1
sensor_30,2018-05-04 17:24:00,2018-05-04 17:24:00,1
sensor_30,2018-05-08 10:24:00,2018-05-08 10:24:00,1
sensor_30,2018-05-08 10:29:00,2018-05-08 14:27:00,239
sensor_30,2018-05-08 14:39:00,2018-05-08 14:43:00,5
sensor_30,2018-06-18 13:41:00,2018-06-18 13:41:00,1
sensor_30,2018-07-11 09:12:00,2018-07-11 09:14:00,3
sensor_30,2018-07-11 09:55:00,2018-07-11 09:55:00,1
sensor_30,2018-07-12 13:19:00,2018-07-12 13:19:00,1
sensor_31,2018-04-27 17:48:00,2018-04-27 17:55:00,8
sensor_31,2018-05-04 16:42:00,2018-05-04 16:42:00,1
sensor_31,2018-05-04 17:24:00,2018-05-04 17:24:00,1
sensor_31,2018-06-18 13:41:00,2018-06-18 13:41:00,1
sensor_31,2018-07-11 09:12:00,2018-07-11 09:14:00,3
sensor_31,2018-07-11 09:55:00,2018-07-11 09:55:00,1
sensor_31,2018-07-12 13:19:00,2018-07-12 13:19:00,1
sensor_32,2018-04-27 17:48:00,2018-04-27 17:55:00,8
sensor_32,2018-05-04 16:42:00,2018-05-04 16:42:00,1
sensor_32,2018-05-04 17:24:00,2018-05-04 17:24:00,1
sensor_32,2018-05-18 15:27:00,2018-05-18 15:27:00,1
sensor_32,2018-05-18 15:31:00,2018-05-18 15:31:00,1
sensor_32,2018-05-18 15:33:00,2018-05-18 15:38:00,6
sensor_32,2018-05-18 15:40:00,2018-05-18 16:14:00,35
sensor_32,2018-05-18 16:42:00,2018-05-18 16:45:00,4
sensor_32,2018-05-18 16:53:00,2018-05-18 16:57:00,5
sensor_32,2018-06-18 13:41:00,2018-06-18 13:41:00,1
sensor_32,2018-07-11 09:12:00,2018-07-11 09:14:00,3
sensor_32,2018-07-11 09:55:00,2018-07-11 09:55:00,1
sensor_32,2018-07-12 13:19:00,2018-07-12 13:19:00,1
sensor_33,2018-04-27 17:48:00,2018-04-27 17:55:00,8
sensor_33,2018-05-04 16:42:00,2018-05-04 16:42:00,1
sensor_33,2018-05-04 17:24:00,2018-05-04 17:24:00,1
sensor_33,2018-06-18 13:41:00,2018-06-18 13:41:00,1
sensor_33,2018-07-11 09:12:00,2018-07-11 09:14:00,3
sensor_33,2018-07-11 09:55:00,2018-07-11 09:55:00,1
sensor_33,2018-07-12 13:19:00,2018-07-12 13:19:00,1
sensor_34,2018-04-27 17:48:00,2018-04-27 17:55:00,8
sensor_34,2018-05-04 16:42:00,2018-05-04 16:42:00,1
sensor_34,2018-05-04 17:24:00,2018-05-04 17:24:00,1
sensor_34,2018-06-18 13:41:00,2018-06-18 13:41:00,1
sensor_34,2018-07-11 09:12:00,2018-07-11 09:14:00,3
sensor_34,2018-07-11 09:55:00,2018-07-11 09:55:00,1
sensor_34,2018-07-12 13:19:00,2018-07-12 13:19:00,1
sensor_35,2018-04-27 17:48:00,2018-04-27 17:55:00,8
sensor_35,2018-05-04 16:42:00,2018-05-04 16:42:00,1
sensor_35,2018-05-04 17:24:00,2018-05-04 17:24:00,1
sensor_35,2018-06-18 13:41:00,2018-06-18 13:41:00,1
sensor_35,2018-07-11 09:12:00,2018-07-11 09:14:00,3
sensor_35,2018-07-11 09:55:00,2018-07-11 09:55:00,1
sensor_35,2018-07-12 13:19:00,2018-07-12 13:19:00,1
sensor_36,2018-04-27 17:48:00,2018-04-27 17:55:00,8
sensor_36,2018-05-04 16:42:00,2018-05-04 16:42:00,1
sensor_36,2018-05-04 17:24:00,2018-05-04 17:24:00,1
sensor_36,2018-06-18 13:41:00,2018-06-18 13:41:00,1
sensor_36,2018-07-11 09:12:00,2018-07-11 09:14:00,3
sensor_36,2018-07-11 09:55:00,2018-07-11 09:55:00,1
sensor_36,2018-07-12 13:19:00,2018-07-12 13:19:00,1
sensor_37,2018-04-27 17:48:00,2018-04-27 17:55:00,8
sensor_37,2018-05-04 16:42:00,2018-05-04 16:42:00,1
sensor_37,2018-05-04 17:24:00,2018-05-04 17:24:00,1
sensor_37,2018-06-18 13:41:00,2018-06-18 13:41:00,1
sensor_37,2018-07-11 09:12:00,2018-07-11 09:14:00,3
sensor_37,2018-07-11 09:55:00,2018-07-11 09:55:00,1
sensor_37,2018-07-12 13:19:00,2018-07-12 13:19:00,1
sensor_38,2018-04-18 10:32:00,2018-04-18 10:32:00,1
sensor_38,2018-04-27 17:48:00,2018-04-27 17:55:00,8
sensor_38,2018-05-31 23:52:00,2018-05-31 23:59:00,8
sensor_38,2018-07-03 15:35:00,2018-07-03 15:35:00,1
sensor_38,2018-07-03 15:53:00,2018-07-03 15:53:00,1
sensor_38,2018-07-04 13:57:00,2018-07-04 13:57:00,1
sensor_38,2018-07-04 15:05:00,2018-07-04 15:05:00,1
sensor_38,2018-07-11 09:12:00,2018-07-11 09:14:00,3
sensor_38,2018-08-31 18:48:00,2018-08-31 18:50:00,3
sensor_39,2018-04-18 10:32:00,2018-04-18 10:32:00,1
sensor_39,2018-04-27 17:48:00,2018-04-27 17:55:00,8
sensor_39,2018-05-31 23:52:00,2018-05-31 23:59:00,8
sensor_39,2018-07-03 15:35:00,2018-07-03 15:35:00,1
sensor_39,2018-07-03 15:53:00,2018-07-03 15:53:00,1
sensor_39,2018-07-04 13:57:00,2018-07-04 13:57:00,1
sensor_39,2018-07-04 15:05:00,2018-07-04 15:05:00,1
sensor_39,2018-07-11 09:12:00,2018-07-11 09:14:00,3
sensor_39,2018-08-31 18:48:00,2018-08-31 18:50:00,3
sensor_40,2018-04-18 10:32:00,2018-04-18 10:32:00,1
sensor_40,2018-04-27 17:48:00,2018-04-27 17:55:00,8
sensor_40,2018-05-31 23:52:00,2018-05-31 23:59:00,8
sensor_40,2018-07-03 15:35:00,2018-07-03 15:35:00,1
sensor_40,2018-07-03 15:53:00,2018-07-03 15:53:00,1
sensor_40,2018-07-04 13:57:00,2018-07-04 13:57:00,1
sensor_40,2018-07-04 15:05:00,2018-07-04 15:05:00,1
sensor_40,2018-07-11 09:12:00,2018-07-11 09:14:00,3
sensor_40,2018-08-31 18:48:00,2018-08-31 18:50:00,3
sensor_41,2018-04-18 10:32:00,2018-04-18 10:32:00,1
sensor_41,2018-04-27 17:48:00,2018-04-27 17:55:00,8
sensor_41,2018-05-31 23:52:00,2018-05-31 23:59:00,8
sensor_41,2018-07-03 15:35:00,2018-07-03 15:35:00,1
sensor_41,2018-07-03 15:53:00,2018-07-03 15:53:00,1
sensor_41,2018-07-04 13:57:00,2018-07-04 13:57:00,1
sensor_41,2018-07-04 15:05:00,2018-07-04 15:05:00,1
sensor_41,2018-07-11 09:12:00,2018-07-11 09:14:00,3
sensor_41,2018-08-31 18:48:00,2018-08-31 18:50:00,3
sensor_42,2018-04-18 10:32:00,2018-04-18 10:32:00,1
sensor_42,2018-04-27 17:48:00,2018-04-27 17:55:00,8
sensor_42,2018-05-31 23:52:00,2018-05-31 23:59:00,8
sensor_42,2018-07-03 15:35:00,2018-07-03 15:35:00,1
sensor_42,2018-07-03 15:53:00,2018-07-03 15:53:00,1
sensor_42,2018-07-04 13:57:00,2018-07-04 13:57:00,1
sensor_42,2018-07-04 15:05:00,2018-07-04 15:05:00,1
sensor_42,2018-07-11 09:12:00,2018-07-11 09:14:00,3
sensor_42,2018-08-31 18:48:00,2018-08-31 18:50:00,3
sensor_43,2018-04-18 10:32:00,2018-04-18 10:32:00,1
sensor_43,2018-04-27 17:48:00,2018-04-27 17:55:00,8
sensor_43,2018-05-31 23:52:00,2018-05-31 23:59:00,8
sensor_43,2018-07-03 15:35:00,2018-07-03 15:35:00,1
sensor_43,2018-07-03 15:53:00,2018-07-03 15:53:00,1
sensor_43,2018-07-04 13:57:00,2018-07-04 13:57:00,1
sensor_43,2018-07-04 15:05:00,2018-07-04 15:05:00,1
sensor_43,2018-07-11 09:12:00,2018-07-11 09:14:00,3
sensor_43,2018-08-31 18:48:00,2018-08-31 18:50:00,3
sensor_44,2018-04-18 10:32:00,2018-04-18 10:32:00,1
sensor_44,2018-04-27 17:48:00,2018-04-27 17:55:00,8
sensor_44,2018-05-31 23:52:00,2018-05-31 23:59:00,8
sensor_44,2018-07-03 15:35:00,2018-07-03 15:35:00,1
sensor_44,2018-07-03 15:53:00,2018-07-03 15:53:00,1
sensor_44,2018-07-04 13:57:00,2018-07-04 13:57:00,1
sensor_44,2018-07-04 15:05:00,2018-07-04 15:05:00,1
sensor_44,2018-07-11 09:12:00,2018-07-11 09:14:00,3
sensor_44,2018-08-31 18:48:00,2018-08-31 18:50:00,3
sensor_45,2018-04-18 10:32:00,2018-04-18 10:32:00,1
sensor_45,2018-04-27 17:48:00,2018-04-27 17:55:00,8
sensor_45,2018-05-31 23:52:00,2018-05-31 23:59:00,8
sensor_45,2018-07-03 15:35:00,2018-07-03 15:35:00,1
sensor_45,2018-07-03 15:53:00,2018-07-03 15:53:00,1
sensor_45,2018-07-04 13:57:00,2018-07-04 13:57:00,1
sensor_45,2018-07-04 15:05:00,2018-07-04 15:05:00,1
sensor_45,2018-07-11 09:12:00,2018-07-11 09:14:00,3
sensor_45,2018-08-31 18:48:00,2018-08-31 18:50:00,3
sensor_46,2018-04-18 10:32:00,2018-04-18 10:32:00,1
sensor_46,2018-04-27 17:48:00,2018-04-27 17:55:00,8
sensor_46,2018-05-31 23:52:00,2018-05-31 23:59:00,8
sensor_46,2018-07-03 15:35:00,2018-07-03 15:35:00,1
sensor_46,2018-07-03 15:53:00,2018-07-03 15:53:00,1
sensor_46,2018-07-04 13:57:00,2018-07-04 13:57:00,1
sensor_46,2018-07-04 15:05:00,2018-07-04 15:05:00,1
sensor_46,2018-07-11 09:12:00,2018-07-11 09:14:00,3
sensor_46,2018-08-31 18:48:00,2018-08-31 18:50:00,3
sensor_47,2018-04-18 10:32:00,2018-04-18 10:32:00,1
sensor_47,2018-04-27 17:48:00,2018-04-27 17:55:00,8
sensor_47,2018-05-31 23:52:00,2018-05-31 23:59:00,8
sensor_47,2018-07-03 15:35:00,2018-07-03 15:35:00,1
sensor_47,2018-07-03 15:53:00,2018-07-03 15:53:00,1
sensor_47,2018-07-04 13:57:00,2018-07-04 13:57:00,1
sensor_47,2018-07-04 15:05:00,2018-07-04 15:05:00,1
sensor_47,2018-07-11 09:12:00,2018-07-11 09:14:00,3
sensor_47,2018-08-31 18:48:00,2018-08-31 18:50:00,3
sensor_48,2018-04-18 10:32:00,2018-04-18 10:32:00,1
sensor_48,2018-04-27 17:48:00,2018-04-27 17:55:00,8
sensor_48,2018-05-31 23:52:00,2018-05-31 23:59:00,8
sensor_48,2018-07-03 15:35:00,2018-07-03 15:35:00,1
sensor_48,2018-07-03 15:53:00,2018-07-03 15:53:00,1
sensor_48,2018-07-04 13:57:00,2018-07-04 13:57:00,1
sensor_48,2018-07-04 15:05:00,2018-07-04 15:05:00,1
sensor_48,2018-07-11 09:12:00,2018-07-11 09:14:00,3
sensor_48,2018-08-31 18:48:00,2018-08-31 18:50:00,3
sensor_49,2018-04-18 10:32:00,2018-04-18 10:32:00,1
sensor_49,2018-04-27 17:48:00,2018-04-27 17:55:00,8
sensor_49,2018-05-31 23:52:00,2018-05-31 23:59:00,8
sensor_49,2018-07-03 15:35:00,2018-07-03 15:35:00,1
sensor_49,2018-07-03 15:53:00,2018-07-03 15:53:00,1
sensor_49,2018-07-04 13:57:00,2018-07-04 13:57:00,1
sensor_49,2018-07-04 15:05:00,2018-07-04 15:05:00,1
sensor_49,2018-07-11 09:12:00,2018-07-11 09:14:00,3
sensor_49,2018-08-31 18:48:00,2018-08-31 18:50:00,3
sensor_50,2018-04-18 10:32:00,2018-04-18 10:32:00,1
sensor_50,2018-04-27 17:48:00,2018-04-27 17:55:00,8
sensor_50,2018-05-31 23:52:00,2018-05-31 23:59:00,8
sensor_50,2018-07-03 15:35:00,2018-07-03 15:35:00,1
sensor_50,2018-07-03 15:53:00,2018-07-03 15:53:00,1
sensor_50,2018-07-04 13:57:00,2018-07-04 13:57:00,1
sensor_50,2018-07-04 15:05:00,2018-07-04 15:05:00,1
sensor_50,2018-07-09 12:44:00,2018-08-31 23:59:00,76996
sensor_51,2018-04-18 10:32:00,2018-04-18 10:32:00,1
sensor_51,2018-04-27 17:48:00,2018-04-27 17:55:00,8
sensor_51,2018-05-31 23:52:00,2018-05-31 23:59:00,8
sensor_51,2018-06-20 07:58:00,2018-06-30 23:53:00,15356
sensor_51,2018-07-03 15:35:00,2018-07-03 15:35:00,1
sensor_51,2018-07-03 15:53:00,2018-07-03 15:53:00,1
sensor_51,2018-07-04 13:57:00,2018-07-04 13:57:00,1
sensor_51,2018-07-04 15:05:00,2018-07-04 15:05:00,1
sensor_51,2018-07-11 09:12:00,2018-07-11 09:14:00,3
sensor_51,2018-08-31 18:48:00,2018-08-31 18:50:00,3
