sensor,2018-04,2018-05,2018-06,2018-07,2018-08
sensor_00,9.32,0.21,5.37,8.43,0.01
sensor_01,0.15,0.0,0.0,0.68,0.01
sensor_02,0.02,0.0,0.0,0.02,0.01
sensor_03,0.02,0.0,0.0,0.02,0.01
sensor_04,0.02,0.0,0.0,0.02,0.01
sensor_05,0.02,0.0,0.0,0.02,0.01
sensor_06,0.57,0.0,1.75,8.5,0.01
sensor_07,0.47,1.27,2.04,8.5,0.01
sensor_08,1.64,0.0,1.52,8.38,0.01
sensor_09,0.02,0.0,1.81,8.51,0.01
sensor_10,0.02,0.0,0.0,0.02,0.01
sensor_11,0.02,0.0,0.0,0.02,0.01
sensor_12,0.02,0.0,0.0,0.02,0.01
sensor_13,0.02,0.0,0.0,0.02,0.01
sensor_14,0.02,0.0,0.01,0.01,0.0
sensor_15,100.0,100.0,100.0,100.0,100.0
sensor_16,0.02,0.0,0.04,0.01,0.0
sensor_17,0.02,0.0,0.07,0.01,0.0
sensor_18,0.02,0.0,0.07,0.01,0.0
sensor_19,0.02,0.0,0.0,0.01,0.0
sensor_20,0.02,0.0,0.0,0.01,0.0
sensor_21,0.02,0.0,0.0,0.01,0.0
sensor_22,0.02,0.0,0.06,0.01,0.0
sensor_23,0.02,0.0,0.0,0.01,0.0
sensor_24,0.02,0.0,0.0,0.01,0.0
sensor_25,0.02,0.0,0.05,0.01,0.0
sensor_26,0.02,0.0,0.01,0.01,0.0
sensor_27,0.02,0.0,0.0,0.01,0.0
sensor_28,0.02,0.0,0.0,0.01,0.0
sensor_29,0.02,0.0,0.13,0.01,0.0
sensor_30,0.02,0.55,0.0,0.01,0.0
sensor_31,0.02,0.0,0.0,0.01,0.0
sensor_32,0.02,0.12,0.0,0.01,0.0
sensor_33,0.02,0.0,0.0,0.01,0.0
sensor_34,0.02,0.0,0.0,0.01,0.0
sensor_35,0.02,0.0,0.0,0.01,0.0
sensor_36,0.02,0.0,0.0,0.01,0.0
sensor_37,0.02,0.0,0.0,0.01,0.0
sensor_38,0.02,0.02,0.0,0.02,0.01
sensor_39,0.02,0.02,0.0,0.02,0.01
sensor_40,0.02,0.02,0.0,0.02,0.01
sensor_41,0.02,0.02,0.0,0.02,0.01
sensor_42,0.02,0.02,0.0,0.02,0.01
sensor_43,0.02,0.02,0.0,0.02,0.01
sensor_44,0.02,0.02,0.0,0.02,0.01
sensor_45,0.02,0.02,0.0,0.02,0.01
sensor_46,0.02,0.02,0.0,0.02,0.01
sensor_47,0.02,0.02,0.0,0.02,0.01
sensor_48,0.02,0.02,0.0,0.02,0.01
sensor_49,0.02,0.02,0.0,0.02,0.01
sensor_50,0.02,0.02,0.0,72.49,100.0
sensor_51,0.02,0.02,35.55,0.02,0.01
