sensor,n_missing,pct_missing
sensor_00,10208,4.633
sensor_01,369,0.167
sensor_02,19,0.009
sensor_03,19,0.009
sensor_04,19,0.009
sensor_05,19,0.009
sensor_06,4798,2.178
sensor_07,5451,2.474
sensor_08,5107,2.318
sensor_09,4595,2.086
sensor_10,19,0.009
sensor_11,19,0.009
sensor_12,19,0.009
sensor_13,19,0.009
sensor_14,21,0.01
sensor_15,220320,100.0
sensor_16,31,0.014
sensor_17,46,0.021
sensor_18,46,0.021
sensor_19,16,0.007
sensor_20,16,0.007
sensor_21,16,0.007
sensor_22,41,0.019
sensor_23,16,0.007
sensor_24,16,0.007
sensor_25,36,0.016
sensor_26,20,0.009
sensor_27,16,0.007
sensor_28,16,0.007
sensor_29,72,0.033
sensor_30,261,0.118
sensor_31,16,0.007
sensor_32,68,0.031
sensor_33,16,0.007
sensor_34,16,0.007
sensor_35,16,0.007
sensor_36,16,0.007
sensor_37,16,0.007
sensor_38,27,0.012
sensor_39,27,0.012
sensor_40,27,0.012
sensor_41,27,0.012
sensor_42,27,0.012
sensor_43,27,0.012
sensor_44,27,0.012
sensor_45,27,0.012
sensor_46,27,0.012
sensor_47,27,0.012
sensor_48,27,0.012
sensor_49,27,0.012
sensor_50,77017,34.957
sensor_51,15383,6.982
