sensor,pct_kosong_BROKEN,pct_kosong_NORMAL,pct_kosong_RECOVERING,keterangan
sensor_00,0.0,0.007,70.415,Analisis pembanding. Tidak dipakai untuk keputusan cleaning.
sensor_01,0.0,0.165,0.207,Analisis pembanding. Tidak dipakai untuk keputusan cleaning.
sensor_02,0.0,0.007,0.035,Analisis pembanding. Tidak dipakai untuk keputusan cleaning.
sensor_03,0.0,0.007,0.035,Analisis pembanding. Tidak dipakai untuk keputusan cleaning.
sensor_04,0.0,0.007,0.035,Analisis pembanding. Tidak dipakai untuk keputusan cleaning.
sensor_05,0.0,0.007,0.035,Analisis pembanding. Tidak dipakai untuk keputusan cleaning.
sensor_06,0.0,0.007,33.046,Analisis pembanding. Tidak dipakai untuk keputusan cleaning.
sensor_07,0.0,0.007,37.556,Analisis pembanding. Tidak dipakai untuk keputusan cleaning.
sensor_08,0.0,0.007,35.18,Analisis pembanding. Tidak dipakai untuk keputusan cleaning.
sensor_09,0.0,0.007,31.643,Analisis pembanding. Tidak dipakai untuk keputusan cleaning.
sensor_10,0.0,0.007,0.035,Analisis pembanding. Tidak dipakai untuk keputusan cleaning.
sensor_11,0.0,0.007,0.035,Analisis pembanding. Tidak dipakai untuk keputusan cleaning.
sensor_12,0.0,0.007,0.035,Analisis pembanding. Tidak dipakai untuk keputusan cleaning.
sensor_13,0.0,0.007,0.035,Analisis pembanding. Tidak dipakai untuk keputusan cleaning.
sensor_14,0.0,0.01,0.0,Analisis pembanding. Tidak dipakai untuk keputusan cleaning.
sensor_15,100.0,100.0,100.0,Analisis pembanding. Tidak dipakai untuk keputusan cleaning.
sensor_16,0.0,0.015,0.0,Analisis pembanding. Tidak dipakai untuk keputusan cleaning.
sensor_17,0.0,0.022,0.0,Analisis pembanding. Tidak dipakai untuk keputusan cleaning.
sensor_18,0.0,0.022,0.0,Analisis pembanding. Tidak dipakai untuk keputusan cleaning.
sensor_19,0.0,0.008,0.0,Analisis pembanding. Tidak dipakai untuk keputusan cleaning.
sensor_20,0.0,0.008,0.0,Analisis pembanding. Tidak dipakai untuk keputusan cleaning.
sensor_21,0.0,0.008,0.0,Analisis pembanding. Tidak dipakai untuk keputusan cleaning.
sensor_22,0.0,0.02,0.0,Analisis pembanding. Tidak dipakai untuk keputusan cleaning.
sensor_23,0.0,0.008,0.0,Analisis pembanding. Tidak dipakai untuk keputusan cleaning.
sensor_24,0.0,0.008,0.0,Analisis pembanding. Tidak dipakai untuk keputusan cleaning.
sensor_25,0.0,0.017,0.0,Analisis pembanding. Tidak dipakai untuk keputusan cleaning.
sensor_26,0.0,0.01,0.0,Analisis pembanding. Tidak dipakai untuk keputusan cleaning.
sensor_27,0.0,0.008,0.0,Analisis pembanding. Tidak dipakai untuk keputusan cleaning.
sensor_28,0.0,0.008,0.0,Analisis pembanding. Tidak dipakai untuk keputusan cleaning.
sensor_29,0.0,0.035,0.0,Analisis pembanding. Tidak dipakai untuk keputusan cleaning.
sensor_30,0.0,0.127,0.0,Analisis pembanding. Tidak dipakai untuk keputusan cleaning.
sensor_31,0.0,0.008,0.0,Analisis pembanding. Tidak dipakai untuk keputusan cleaning.
sensor_32,0.0,0.033,0.0,Analisis pembanding. Tidak dipakai untuk keputusan cleaning.
sensor_33,0.0,0.008,0.0,Analisis pembanding. Tidak dipakai untuk keputusan cleaning.
sensor_34,0.0,0.008,0.0,Analisis pembanding. Tidak dipakai untuk keputusan cleaning.
sensor_35,0.0,0.008,0.0,Analisis pembanding. Tidak dipakai untuk keputusan cleaning.
sensor_36,0.0,0.008,0.0,Analisis pembanding. Tidak dipakai untuk keputusan cleaning.
sensor_37,0.0,0.008,0.0,Analisis pembanding. Tidak dipakai untuk keputusan cleaning.
sensor_38,0.0,0.011,0.035,Analisis pembanding. Tidak dipakai untuk keputusan cleaning.
sensor_39,0.0,0.011,0.035,Analisis pembanding. Tidak dipakai untuk keputusan cleaning.
sensor_40,0.0,0.011,0.035,Analisis pembanding. Tidak dipakai untuk keputusan cleaning.
sensor_41,0.0,0.011,0.035,Analisis pembanding. Tidak dipakai untuk keputusan cleaning.
sensor_42,0.0,0.011,0.035,Analisis pembanding. Tidak dipakai untuk keputusan cleaning.
sensor_43,0.0,0.011,0.035,Analisis pembanding. Tidak dipakai untuk keputusan cleaning.
sensor_44,0.0,0.011,0.035,Analisis pembanding. Tidak dipakai untuk keputusan cleaning.
sensor_45,0.0,0.011,0.035,Analisis pembanding. Tidak dipakai untuk keputusan cleaning.
sensor_46,0.0,0.011,0.035,Analisis pembanding. Tidak dipakai untuk keputusan cleaning.
sensor_47,0.0,0.011,0.035,Analisis pembanding. Tidak dipakai untuk keputusan cleaning.
sensor_48,0.0,0.011,0.035,Analisis pembanding. Tidak dipakai untuk keputusan cleaning.
sensor_49,0.0,0.011,0.035,Analisis pembanding. Tidak dipakai untuk keputusan cleaning.
sensor_50,14.286,37.377,0.553,Analisis pembanding. Tidak dipakai untuk keputusan cleaning.
sensor_51,14.286,6.016,20.709,Analisis pembanding. Tidak dipakai untuk keputusan cleaning.
