sensor,fitur,eta2,klaster_0,klaster_1
sensor_21,mean,0.9607465199917421,876.0322681721993,179.50658067948717
sensor_21,std,0.015515520782295247,3.8196517921296147,6.695082696392658
sensor_21,slope,4.690056968080337e-05,0.010484576499878146,-0.017289962025113372
sensor_21,dstd,0.19122777837741753,4.418598799702848,3.4674159250787033
sensor_20,mean,0.9590451951677538,396.6374557212191,83.54652496330128
sensor_20,std,0.031655478107947436,1.26927159239997,3.285226394983472
sensor_20,slope,3.2211910019006243e-07,0.002719080808794747,0.0018007090875545512
sensor_20,dstd,0.009554949782445839,1.359451006888638,1.6466374891891888
sensor_19,mean,0.9570085537568306,660.775186714794,49.448951522197575
sensor_19,std,0.015565746126252245,2.518106886378543,6.028111779390632
sensor_19,slope,4.0929987603221505e-09,0.004328108027182387,0.0041214425449286425
sensor_19,dstd,0.1167933606415717,2.4935379607374397,2.886395763119158
sensor_24,mean,0.9405574539858881,618.8638324844682,67.06790672719696
sensor_24,std,0.001721405625428888,3.528055035141943,6.6204420172944936
sensor_24,slope,8.097607284759566e-05,0.011185289538192417,-0.021032392845107748
sensor_24,dstd,0.06964969339094884,3.537074279687635,3.7557416581463796
sensor_22,mean,0.9341270014827902,513.7578194649583,45.5860940852896
sensor_22,std,0.026894035622506387,2.1668372517149135,4.308632424431904
sensor_22,slope,5.396207862912528e-05,0.0038615247781112246,-0.015707679507140415
sensor_22,dstd,0.16528533577306842,2.1601483187727286,1.969828875743852
sensor_25,mean,0.9270018921479469,725.9579731545084,59.04656741223427
sensor_25,std,0.0037379576720536437,4.038600292125817,7.982474176613325
sensor_25,slope,0.00016234309011258405,0.007583106643921527,-0.03701022374025916
sensor_25,dstd,0.04327819838679602,3.9994090328598695,5.1368908552325525
sensor_23,mean,0.9255514556834007,1022.6959352360478,143.71374539217126
sensor_23,std,0.07817683799901348,3.585527331421415,10.669982284728068
sensor_23,slope,2.2053314075249265e-05,0.011288052375030595,-0.011035313807321657
sensor_23,dstd,1.8251020962868472e-06,3.751649570893738,5.632657203212337
sensor_14,mean,0.9141175805063219,415.54080877642554,76.75450067582629
sensor_14,std,0.0062525500963748724,1.9255515497164306,5.090586738328152
sensor_14,slope,6.72522223226055e-07,-0.0018780994008428592,-9.76391856175078e-05
sensor_14,dstd,0.03749063490515145,1.9242206770489165,2.6025274023239504
sensor_16,mean,0.9099371830792125,459.4304384289607,83.88836999560733
sensor_16,std,0.025959728783052534,3.0883066117855105,8.30891691895163
sensor_16,slope,5.844398804100419e-07,0.0008220429338268182,0.003122559833316604
sensor_16,dstd,0.009358716746281559,3.1262754786601,4.4578692401835385
sensor_26,mean,0.8666436172532701,869.2861129549548,150.30918657129445
sensor_26,std,0.022886854248650702,4.108230116562041,9.222640181420836
sensor_26,slope,0.0006328913780640719,0.01750094533100598,-0.10227018146351421
sensor_26,dstd,0.015090653412411276,4.144318525355302,4.861825481016073
