fitur,klaster_0,klaster_1
sensor_00__mean,2.375881054997453,2.40203656556088
sensor_00__std,0.007651270539152023,0.004498176051082688
sensor_00__slope,2.9323664578200506e-05,-8.570494904763705e-05
sensor_00__dstd,0.00893737810066518,0.00563914538864518
sensor_01__mean,48.17021865233974,47.26885093097447
sensor_01__std,0.15026791192876138,0.07319881037859549
sensor_01__slope,0.00014187133817423757,-0.00014878097044734262
sensor_01__dstd,0.08871697316429146,0.052503516052228874
sensor_02__mean,51.37566099736485,52.071324182778206
sensor_02__std,0.06031742490327535,0.06521253872362172
sensor_02__slope,0.00014337717197888462,-0.0002442394801371198
sensor_02__dstd,0.0598985738472405,0.070504616134777
sensor_03__mean,44.06184716685358,44.35028698856325
sensor_03__std,0.06909983401430782,0.08365933843635437
sensor_03__slope,4.1166445075329455e-05,1.5634287016465885e-05
sensor_03__dstd,0.0275240175434167,0.025132470313115104
sensor_04__mean,618.2809813424409,617.9380460967229
sensor_04__std,6.270317811953332,5.813837599151311
sensor_04__slope,0.0020057534591430095,0.006070536162987828
sensor_04__dstd,7.784897659831604,7.671575683750719
sensor_05__mean,73.87210706230607,75.99470644368756
sensor_05__std,2.279422697237417,2.166152424992362
sensor_05__slope,-0.0011047261576610733,-0.01718966023341747
sensor_05__dstd,1.478952803495039,1.1349730846905373
sensor_06__mean,13.7828667586511,13.353327417955873
sensor_06__std,0.08798149436064871,0.0781101116734786
sensor_06__slope,0.0001051736760450728,-2.7618606533555635e-05
sensor_06__dstd,0.09604310432985602,0.08845136453272387
sensor_07__mean,16.054550369008073,16.07158061166213
sensor_07__std,0.06736752512176043,0.05756694602101663
sensor_07__slope,-1.6419410278246252e-05,-8.40827244097395e-05
sensor_07__dstd,0.06858759674120553,0.06633308475275787
sensor_08__mean,15.382450785337006,15.325170510638621
sensor_08__std,0.13458813641447973,0.1559169609413876
sensor_08__slope,0.00010569991557018939,-0.00016969197226084478
sensor_08__dstd,0.16994515704812638,0.20800464308511196
sensor_09__mean,14.987083656536905,15.004196064523718
sensor_09__std,0.07987620141771268,0.091164087375021
sensor_09__slope,9.848991774245165e-05,0.001494522871436211
sensor_09__dstd,0.08811655024053369,0.0957929437048529
sensor_10__mean,43.758375057762066,41.85896829272356
sensor_10__std,1.7621571664433633,1.8249407696155562
sensor_10__slope,0.002767559224182247,-0.0034295069101084544
sensor_10__dstd,0.760765402029505,0.8258826586814572
sensor_11__mean,44.1266238190348,43.12919684793846
sensor_11__std,1.4295705976830904,1.3119798762030626
sensor_11__slope,0.005355765267759375,-0.0035855974328548815
sensor_11__dstd,0.6283763686053819,0.5011501327390181
sensor_12__mean,30.735432937828765,29.920172566353788
sensor_12__std,1.3670300079083322,1.2857102559308728
sensor_12__slope,-0.0027230697839857035,0.0011526309932418267
sensor_12__dstd,0.5296466139818109,0.494023356272259
sensor_13__mean,8.052608704539448,2.9959876391395914
sensor_13__std,0.6584433004362372,0.22234783180098067
sensor_13__slope,0.0021853678887663497,0.0008012587400181288
sensor_13__dstd,0.3985812936524617,0.14213770434667128
sensor_14__mean,415.54080877642554,76.75450067582629
sensor_14__std,1.9255515497164306,5.090586738328152
sensor_14__slope,-0.0018780994008428592,-9.76391856175078e-05
sensor_14__dstd,1.9242206770489165,2.6025274023239504
sensor_16__mean,459.4304384289607,83.88836999560733
sensor_16__std,3.0883066117855105,8.30891691895163
sensor_16__slope,0.0008220429338268182,0.003122559833316604
sensor_16__dstd,3.1262754786601,4.4578692401835385
sensor_17__mean,462.54066741712836,102.15049542181744
sensor_17__std,6.946751337629001,5.352201850071223
sensor_17__slope,-0.000983266701096268,-0.03879070958777819
sensor_17__dstd,7.9483841349602535,3.0288173546550996
sensor_18__mean,2.545852668269003,0.44613800994611946
sensor_18__std,0.07573860047899782,0.04336234404543131
sensor_18__slope,7.838763996361404e-06,-0.0002471080715992169
sensor_18__dstd,0.08804642186082219,0.02425176460313417
sensor_19__mean,660.775186714794,49.448951522197575
sensor_19__std,2.518106886378543,6.028111779390632
sensor_19__slope,0.004328108027182387,0.0041214425449286425
sensor_19__dstd,2.4935379607374397,2.886395763119158
sensor_20__mean,396.6374557212191,83.54652496330128
sensor_20__std,1.26927159239997,3.285226394983472
sensor_20__slope,0.002719080808794747,0.0018007090875545512
sensor_20__dstd,1.359451006888638,1.6466374891891888
sensor_21__mean,876.0322681721993,179.50658067948717
sensor_21__std,3.8196517921296147,6.695082696392658
sensor_21__slope,0.010484576499878146,-0.017289962025113372
sensor_21__dstd,4.418598799702848,3.4674159250787033
sensor_22__mean,513.7578194649583,45.5860940852896
sensor_22__std,2.1668372517149135,4.308632424431904
sensor_22__slope,0.0038615247781112246,-0.015707679507140415
sensor_22__dstd,2.1601483187727286,1.969828875743852
sensor_23__mean,1022.6959352360478,143.71374539217126
sensor_23__std,3.585527331421415,10.669982284728068
sensor_23__slope,0.011288052375030595,-0.011035313807321657
sensor_23__dstd,3.751649570893738,5.632657203212337
sensor_24__mean,618.8638324844682,67.06790672719696
sensor_24__std,3.528055035141943,6.6204420172944936
sensor_24__slope,0.011185289538192417,-0.021032392845107748
sensor_24__dstd,3.537074279687635,3.7557416581463796
sensor_25__mean,725.9579731545084,59.04656741223427
sensor_25__std,4.038600292125817,7.982474176613325
sensor_25__slope,0.007583106643921527,-0.03701022374025916
sensor_25__dstd,3.9994090328598695,5.1368908552325525
sensor_26__mean,869.2861129549548,150.30918657129445
sensor_26__std,4.108230116562041,9.222640181420836
sensor_26__slope,0.01750094533100598,-0.10227018146351421
sensor_26__dstd,4.144318525355302,4.861825481016073
sensor_27__mean,522.8992671443589,311.52218166678557
sensor_27__std,22.77562584970884,15.837659794859881
sensor_27__slope,0.0072296760845911474,-0.07716760697885462
sensor_27__dstd,23.82499192922507,11.005347718839946
sensor_28__mean,931.5582184250937,159.91582971830928
sensor_28__std,16.736203314250567,17.23869055397589
sensor_28__slope,0.012066272309005654,-0.29137072147926113
sensor_28__dstd,14.16379523597627,10.540289248875673
sensor_29__mean,632.3900610571242,141.3260936067548
sensor_29__std,13.296748244470189,10.014438025964694
sensor_29__slope,-0.014339717853855776,0.05736027599645975
sensor_29__dstd,16.95362946841018,7.235522914725308
sensor_30__mean,670.4674050110377,166.61084021813392
sensor_30__std,17.971323629628298,14.789712044048473
sensor_30__slope,-0.003948888425718752,0.08331665924627735
sensor_30__dstd,21.98838437147314,8.176524163483348
sensor_31__mean,937.8973088993728,253.6347005685096
sensor_31__std,42.476041264382204,22.79553374569914
sensor_31__slope,-0.006204629808180299,0.029916258393407218
sensor_31__dstd,45.80135106598397,16.51593966858309
sensor_32__mean,877.2209061026022,219.22348995232372
sensor_32__std,19.573163111738605,19.82854339879291
sensor_32__slope,0.007144938205707138,-0.09789267188703263
sensor_32__dstd,22.82306637636031,13.197659213471901
sensor_33__mean,531.8962971543543,128.18824610416667
sensor_33__std,12.470103828967526,13.348179944130461
sensor_33__slope,-0.0026883343503407036,0.06679325975228888
sensor_33__dstd,10.816627672367298,9.426686701432123
sensor_34__mean,254.86703637389735,96.91565736057692
sensor_34__std,9.69457934497178,1.9583406583133462
sensor_34__slope,-0.004497616265854575,-0.0203212140893728
sensor_34__dstd,5.662610922042598,1.1730604741822561
sensor_35__mean,461.98660932952293,153.50363983579533
sensor_35__std,15.724423477574128,6.791998877535163
sensor_35__slope,-0.0027071864284474063,-0.044959890747940705
sensor_35__dstd,9.630335400075865,4.413013109646011
sensor_36__mean,657.7161184134271,130.42966705918815
sensor_36__std,12.351311444297753,6.043379206136532
sensor_36__slope,0.013834315011406714,-0.004384262407253295
sensor_36__dstd,7.631769374099544,4.221034928350234
sensor_37__mean,57.27145801133467,79.82158053774937
sensor_37__std,9.078211943913791,6.820218994461377
sensor_37__slope,0.005695365227017278,-0.002765253533776893
sensor_37__dstd,10.674764379476352,5.485824503752616
sensor_38__mean,50.55755325727597,50.417123114343745
sensor_38__std,2.914440921117208,3.0312990375834663
sensor_38__slope,-0.0024016627059887793,0.008855089099426018
sensor_38__dstd,0.8488082441951924,0.8842963723410365
sensor_39__mean,36.95162904155903,35.35840629054898
sensor_39__std,2.3294295335386166,1.8056461571804503
sensor_39__slope,-0.0032534473536082725,-0.004174962388038987
sensor_39__dstd,0.7051488505335105,0.6039865529841277
sensor_40__mean,71.24089290456843,65.51969269732572
sensor_40__std,7.755659820217525,7.181503385538132
sensor_40__slope,0.001422770440781667,-0.008369688334731295
sensor_40__dstd,2.377960888194476,2.2615176124267493
sensor_41__mean,35.72889052458338,35.34144022146833
sensor_41__std,1.307529640164776,1.3139767676910654
sensor_41__slope,-0.00162414114766041,0.0014401390493959363
sensor_41__dstd,0.4299731071945452,0.4442982174454472
sensor_42__mean,35.59358318581134,34.74868954065438
sensor_42__std,0.7306781226764393,0.5497542924212643
sensor_42__slope,-0.0012765417005245875,0.001393148699611658
sensor_42__dstd,0.26412651835334283,0.22846266539333124
sensor_43__mean,44.43796702472135,42.97357945983075
sensor_43__std,2.556801894850698,2.364699189130682
sensor_43__slope,0.0012077165633355928,0.0019283087465013365
sensor_43__dstd,0.7833925402312326,0.7510098495926414
sensor_44__mean,43.683910208188784,39.911084972193834
sensor_44__std,3.1745407135678056,2.0500090948030065
sensor_44__slope,0.0009353281926429666,-0.005906735300328768
sensor_44__dstd,0.9841951481346873,0.6440614821927071
sensor_45__mean,44.0438020434494,40.31051732049506
sensor_45__std,3.2935186517810626,2.1833726475569124
sensor_45__slope,0.0013944754768195873,0.009644760749670191
sensor_45__dstd,0.7691504841372473,0.5695600248921295
sensor_46__mean,49.2180709594591,44.56319566397812
sensor_46__std,4.3018007313582425,3.3841797195525802
sensor_46__slope,0.003723248135057814,0.020649877510297846
sensor_46__dstd,0.9567359420814143,0.7775975288378576
sensor_47__mean,45.253891276740326,42.510673732831734
sensor_47__std,2.906361140532149,2.4388482356938637
sensor_47__slope,-0.0011847612781455382,0.014546201241107283
sensor_47__dstd,0.6498579786874098,0.5640152495593731
sensor_48__mean,163.61593491636006,107.03822717638982
sensor_48__std,15.325278854621162,12.055961884162823
sensor_48__slope,-0.00153442901914807,0.050258731354837924
sensor_48__dstd,3.4704019889978284,2.5238570265163953
sensor_49__mean,59.14834301207957,51.84219836251131
sensor_49__std,3.193450184156749,1.8007020207597682
sensor_49__slope,0.00040540164756707185,0.005511347038083762
sensor_49__dstd,0.7579977842848996,0.46853224497294155
