K,WCSS,Silhouette,DBI,ukuran_min,frac_min
2,65824803.11933738,0.9550589804839462,0.13914385401434892,1659,0.11913824057450628
3,19918541.983581204,0.9495023564698205,0.3162744945327102,431,0.03095152603231598
4,9369482.311683068,0.9412487262445289,0.33282673090731935,243,0.017450628366247757
5,6869302.352845373,0.8897655353199928,0.41105563043995164,208,0.014937163375224417
6,4631542.222583951,0.8801887314812846,0.4292114753998397,157,0.011274685816876122
7,3496386.532771563,0.8713700079920071,0.4149660235516122,144,0.010341113105924596
8,2381028.55358421,0.8652715950184773,0.41108352390795755,123,0.008833034111310593
9,1884746.903880028,0.8655590571101904,0.41970004877587214,80,0.005745062836624776
10,1633239.3516944777,0.8625513907337016,0.3874653883702516,80,0.005745062836624776
