window_idx,mulai,selesai,n_sensor_melebihi_tau,frac_nan_maks
66,2018-04-02 09:00:00,2018-04-02 09:29:00,1,0.267
67,2018-04-02 09:30:00,2018-04-02 09:59:00,1,0.733
572,2018-04-12 22:00:00,2018-04-12 22:29:00,1,1.0
573,2018-04-12 22:30:00,2018-04-12 22:59:00,1,1.0
574,2018-04-12 23:00:00,2018-04-12 23:29:00,1,1.0
575,2018-04-12 23:30:00,2018-04-12 23:59:00,1,1.0
576,2018-04-13 00:00:00,2018-04-13 00:29:00,2,1.0
577,2018-04-13 00:30:00,2018-04-13 00:59:00,2,1.0
578,2018-04-13 01:00:00,2018-04-13 01:29:00,1,1.0
579,2018-04-13 01:30:00,2018-04-13 01:59:00,1,1.0
580,2018-04-13 02:00:00,2018-04-13 02:29:00,1,1.0
581,2018-04-13 02:30:00,2018-04-13 02:59:00,1,1.0
582,2018-04-13 03:00:00,2018-04-13 03:29:00,1,1.0
583,2018-04-13 03:30:00,2018-04-13 03:59:00,1,1.0
584,2018-04-13 04:00:00,2018-04-13 04:29:00,1,1.0
585,2018-04-13 04:30:00,2018-04-13 04:59:00,1,1.0
586,2018-04-13 05:00:00,2018-04-13 05:29:00,1,1.0
587,2018-04-13 05:30:00,2018-04-13 05:59:00,1,1.0
588,2018-04-13 06:00:00,2018-04-13 06:29:00,1,1.0
589,2018-04-13 06:30:00,2018-04-13 06:59:00,1,1.0
590,2018-04-13 07:00:00,2018-04-13 07:29:00,1,1.0
591,2018-04-13 07:30:00,2018-04-13 07:59:00,1,1.0
592,2018-04-13 08:00:00,2018-04-13 08:29:00,1,1.0
593,2018-04-13 08:30:00,2018-04-13 08:59:00,1,1.0
594,2018-04-13 09:00:00,2018-04-13 09:29:00,1,1.0
595,2018-04-13 09:30:00,2018-04-13 09:59:00,1,1.0
596,2018-04-13 10:00:00,2018-04-13 10:29:00,1,1.0
597,2018-04-13 10:30:00,2018-04-13 10:59:00,1,1.0
598,2018-04-13 11:00:00,2018-04-13 11:29:00,1,1.0
599,2018-04-13 11:30:00,2018-04-13 11:59:00,1,1.0
600,2018-04-13 12:00:00,2018-04-13 12:29:00,1,1.0
601,2018-04-13 12:30:00,2018-04-13 12:59:00,1,1.0
602,2018-04-13 13:00:00,2018-04-13 13:29:00,1,0.533
817,2018-04-18 00:30:00,2018-04-18 00:59:00,1,0.967
818,2018-04-18 01:00:00,2018-04-18 01:29:00,1,1.0
819,2018-04-18 01:30:00,2018-04-18 01:59:00,1,1.0
820,2018-04-18 02:00:00,2018-04-18 02:29:00,1,1.0
821,2018-04-18 02:30:00,2018-04-18 02:59:00,1,1.0
822,2018-04-18 03:00:00,2018-04-18 03:29:00,1,1.0
823,2018-04-18 03:30:00,2018-04-18 03:59:00,1,1.0
824,2018-04-18 04:00:00,2018-04-18 04:29:00,1,1.0
825,2018-04-18 04:30:00,2018-04-18 04:59:00,1,1.0
826,2018-04-18 05:00:00,2018-04-18 05:29:00,1,1.0
827,2018-04-18 05:30:00,2018-04-18 05:59:00,1,1.0
828,2018-04-18 06:00:00,2018-04-18 06:29:00,1,1.0
829,2018-04-18 06:30:00,2018-04-18 06:59:00,1,1.0
830,2018-04-18 07:00:00,2018-04-18 07:29:00,1,1.0
831,2018-04-18 07:30:00,2018-04-18 07:59:00,1,1.0
832,2018-04-18 08:00:00,2018-04-18 08:29:00,1,1.0
833,2018-04-18 08:30:00,2018-04-18 08:59:00,1,1.0
834,2018-04-18 09:00:00,2018-04-18 09:29:00,1,1.0
835,2018-04-18 09:30:00,2018-04-18 09:59:00,1,1.0
836,2018-04-18 10:00:00,2018-04-18 10:29:00,1,1.0
837,2018-04-18 10:30:00,2018-04-18 10:59:00,2,1.0
838,2018-04-18 11:00:00,2018-04-18 11:29:00,2,1.0
839,2018-04-18 11:30:00,2018-04-18 11:59:00,2,1.0
840,2018-04-18 12:00:00,2018-04-18 12:29:00,2,1.0
841,2018-04-18 12:30:00,2018-04-18 12:59:00,2,1.0
842,2018-04-18 13:00:00,2018-04-18 13:29:00,2,1.0
843,2018-04-18 13:30:00,2018-04-18 13:59:00,2,1.0
844,2018-04-18 14:00:00,2018-04-18 14:29:00,2,1.0
845,2018-04-18 14:30:00,2018-04-18 14:59:00,2,1.0
846,2018-04-18 15:00:00,2018-04-18 15:29:00,2,1.0
847,2018-04-18 15:30:00,2018-04-18 15:59:00,2,1.0
848,2018-04-18 16:00:00,2018-04-18 16:29:00,2,1.0
849,2018-04-18 16:30:00,2018-04-18 16:59:00,2,1.0
850,2018-04-18 17:00:00,2018-04-18 17:29:00,2,1.0
851,2018-04-18 17:30:00,2018-04-18 17:59:00,2,1.0
852,2018-04-18 18:00:00,2018-04-18 18:29:00,2,1.0
853,2018-04-18 18:30:00,2018-04-18 18:59:00,2,1.0
854,2018-04-18 19:00:00,2018-04-18 19:29:00,4,1.0
855,2018-04-18 19:30:00,2018-04-18 19:59:00,4,1.0
856,2018-04-18 20:00:00,2018-04-18 20:29:00,4,1.0
857,2018-04-18 20:30:00,2018-04-18 20:59:00,4,1.0
858,2018-04-18 21:00:00,2018-04-18 21:29:00,4,1.0
859,2018-04-18 21:30:00,2018-04-18 21:59:00,4,1.0
860,2018-04-18 22:00:00,2018-04-18 22:29:00,4,1.0
861,2018-04-18 22:30:00,2018-04-18 22:59:00,1,1.0
862,2018-04-18 23:00:00,2018-04-18 23:29:00,1,1.0
863,2018-04-18 23:30:00,2018-04-18 23:59:00,1,1.0
864,2018-04-19 00:00:00,2018-04-19 00:29:00,1,1.0
865,2018-04-19 00:30:00,2018-04-19 00:59:00,1,1.0
866,2018-04-19 01:00:00,2018-04-19 01:29:00,1,1.0
867,2018-04-19 01:30:00,2018-04-19 01:59:00,1,1.0
868,2018-04-19 02:00:00,2018-04-19 02:29:00,1,1.0
869,2018-04-19 02:30:00,2018-04-19 02:59:00,1,1.0
870,2018-04-19 03:00:00,2018-04-19 03:29:00,1,1.0
871,2018-04-19 03:30:00,2018-04-19 03:59:00,1,1.0
872,2018-04-19 04:00:00,2018-04-19 04:29:00,1,1.0
873,2018-04-19 04:30:00,2018-04-19 04:59:00,1,1.0
874,2018-04-19 05:00:00,2018-04-19 05:29:00,1,1.0
875,2018-04-19 05:30:00,2018-04-19 05:59:00,1,1.0
876,2018-04-19 06:00:00,2018-04-19 06:29:00,1,1.0
877,2018-04-19 06:30:00,2018-04-19 06:59:00,1,1.0
878,2018-04-19 07:00:00,2018-04-19 07:29:00,1,1.0
879,2018-04-19 07:30:00,2018-04-19 07:59:00,1,1.0
880,2018-04-19 08:00:00,2018-04-19 08:29:00,1,1.0
881,2018-04-19 08:30:00,2018-04-19 08:59:00,1,1.0
882,2018-04-19 09:00:00,2018-04-19 09:29:00,2,1.0
883,2018-04-19 09:30:00,2018-04-19 09:59:00,2,1.0
884,2018-04-19 10:00:00,2018-04-19 10:29:00,1,1.0
885,2018-04-19 10:30:00,2018-04-19 10:59:00,1,1.0
886,2018-04-19 11:00:00,2018-04-19 11:29:00,1,1.0
887,2018-04-19 11:30:00,2018-04-19 11:59:00,1,1.0
888,2018-04-19 12:00:00,2018-04-19 12:29:00,1,1.0
889,2018-04-19 12:30:00,2018-04-19 12:59:00,1,1.0
890,2018-04-19 13:00:00,2018-04-19 13:29:00,1,1.0
891,2018-04-19 13:30:00,2018-04-19 13:59:00,1,1.0
892,2018-04-19 14:00:00,2018-04-19 14:29:00,1,1.0
893,2018-04-19 14:30:00,2018-04-19 14:59:00,1,1.0
894,2018-04-19 15:00:00,2018-04-19 15:29:00,1,1.0
895,2018-04-19 15:30:00,2018-04-19 15:59:00,1,1.0
896,2018-04-19 16:00:00,2018-04-19 16:29:00,1,1.0
897,2018-04-19 16:30:00,2018-04-19 16:59:00,1,1.0
898,2018-04-19 17:00:00,2018-04-19 17:29:00,1,1.0
899,2018-04-19 17:30:00,2018-04-19 17:59:00,1,1.0
900,2018-04-19 18:00:00,2018-04-19 18:29:00,1,1.0
901,2018-04-19 18:30:00,2018-04-19 18:59:00,1,1.0
902,2018-04-19 19:00:00,2018-04-19 19:29:00,1,1.0
903,2018-04-19 19:30:00,2018-04-19 19:59:00,1,1.0
904,2018-04-19 20:00:00,2018-04-19 20:29:00,1,1.0
905,2018-04-19 20:30:00,2018-04-19 20:59:00,1,1.0
906,2018-04-19 21:00:00,2018-04-19 21:29:00,1,1.0
907,2018-04-19 21:30:00,2018-04-19 21:59:00,1,1.0
908,2018-04-19 22:00:00,2018-04-19 22:29:00,1,1.0
909,2018-04-19 22:30:00,2018-04-19 22:59:00,1,1.0
910,2018-04-19 23:00:00,2018-04-19 23:29:00,1,1.0
911,2018-04-19 23:30:00,2018-04-19 23:59:00,1,1.0
912,2018-04-20 00:00:00,2018-04-20 00:29:00,1,1.0
913,2018-04-20 00:30:00,2018-04-20 00:59:00,1,1.0
914,2018-04-20 01:00:00,2018-04-20 01:29:00,1,1.0
915,2018-04-20 01:30:00,2018-04-20 01:59:00,1,1.0
916,2018-04-20 02:00:00,2018-04-20 02:29:00,1,1.0
917,2018-04-20 02:30:00,2018-04-20 02:59:00,1,1.0
918,2018-04-20 03:00:00,2018-04-20 03:29:00,1,1.0
919,2018-04-20 03:30:00,2018-04-20 03:59:00,1,1.0
920,2018-04-20 04:00:00,2018-04-20 04:29:00,1,0.467
1797,2018-05-08 10:30:00,2018-05-08 10:59:00,1,1.0
1798,2018-05-08 11:00:00,2018-05-08 11:29:00,1,1.0
1799,2018-05-08 11:30:00,2018-05-08 11:59:00,1,1.0
1800,2018-05-08 12:00:00,2018-05-08 12:29:00,1,1.0
1801,2018-05-08 12:30:00,2018-05-08 12:59:00,1,1.0
1802,2018-05-08 13:00:00,2018-05-08 13:29:00,1,1.0
1803,2018-05-08 13:30:00,2018-05-08 13:59:00,1,1.0
1804,2018-05-08 14:00:00,2018-05-08 14:29:00,1,0.933
2287,2018-05-18 15:30:00,2018-05-18 15:59:00,1,0.667
2288,2018-05-18 16:00:00,2018-05-18 16:29:00,1,0.5
2324,2018-05-19 10:00:00,2018-05-19 10:29:00,1,0.367
2325,2018-05-19 10:30:00,2018-05-19 10:59:00,1,1.0
2326,2018-05-19 11:00:00,2018-05-19 11:29:00,1,1.0
2327,2018-05-19 11:30:00,2018-05-19 11:59:00,1,1.0
2328,2018-05-19 12:00:00,2018-05-19 12:29:00,1,1.0
2329,2018-05-19 12:30:00,2018-05-19 12:59:00,1,1.0
2330,2018-05-19 13:00:00,2018-05-19 13:29:00,1,1.0
2331,2018-05-19 13:30:00,2018-05-19 13:59:00,2,1.0
2332,2018-05-19 14:00:00,2018-05-19 14:29:00,2,1.0
2333,2018-05-19 14:30:00,2018-05-19 14:59:00,2,1.0
2334,2018-05-19 15:00:00,2018-05-19 15:29:00,1,1.0
2335,2018-05-19 15:30:00,2018-05-19 15:59:00,1,1.0
2336,2018-05-19 16:00:00,2018-05-19 16:29:00,1,1.0
2337,2018-05-19 16:30:00,2018-05-19 16:59:00,1,1.0
2338,2018-05-19 17:00:00,2018-05-19 17:29:00,1,1.0
2339,2018-05-19 17:30:00,2018-05-19 17:59:00,1,1.0
2340,2018-05-19 18:00:00,2018-05-19 18:29:00,1,1.0
2341,2018-05-19 18:30:00,2018-05-19 18:59:00,1,1.0
2342,2018-05-19 19:00:00,2018-05-19 19:29:00,1,1.0
2343,2018-05-19 19:30:00,2018-05-19 19:59:00,1,0.533
3811,2018-06-19 09:30:00,2018-06-19 09:59:00,1,1.0
3812,2018-06-19 10:00:00,2018-06-19 10:29:00,1,0.233
4290,2018-06-29 09:00:00,2018-06-29 09:29:00,1,0.367
4291,2018-06-29 09:30:00,2018-06-29 09:59:00,1,1.0
4292,2018-06-29 10:00:00,2018-06-29 10:29:00,1,1.0
4293,2018-06-29 10:30:00,2018-06-29 10:59:00,1,1.0
4294,2018-06-29 11:00:00,2018-06-29 11:29:00,1,1.0
4295,2018-06-29 11:30:00,2018-06-29 11:59:00,1,1.0
4296,2018-06-29 12:00:00,2018-06-29 12:29:00,1,1.0
4297,2018-06-29 12:30:00,2018-06-29 12:59:00,1,1.0
4298,2018-06-29 13:00:00,2018-06-29 13:29:00,1,1.0
4299,2018-06-29 13:30:00,2018-06-29 13:59:00,1,1.0
4300,2018-06-29 14:00:00,2018-06-29 14:29:00,1,1.0
4301,2018-06-29 14:30:00,2018-06-29 14:59:00,1,1.0
4302,2018-06-29 15:00:00,2018-06-29 15:29:00,1,1.0
4303,2018-06-29 15:30:00,2018-06-29 15:59:00,1,1.0
4304,2018-06-29 16:00:00,2018-06-29 16:29:00,1,1.0
4305,2018-06-29 16:30:00,2018-06-29 16:59:00,1,1.0
4306,2018-06-29 17:00:00,2018-06-29 17:29:00,1,1.0
4307,2018-06-29 17:30:00,2018-06-29 17:59:00,1,1.0
4308,2018-06-29 18:00:00,2018-06-29 18:29:00,1,1.0
4309,2018-06-29 18:30:00,2018-06-29 18:59:00,1,1.0
4310,2018-06-29 19:00:00,2018-06-29 19:29:00,1,1.0
4311,2018-06-29 19:30:00,2018-06-29 19:59:00,1,1.0
4312,2018-06-29 20:00:00,2018-06-29 20:29:00,1,1.0
4313,2018-06-29 20:30:00,2018-06-29 20:59:00,1,1.0
4314,2018-06-29 21:00:00,2018-06-29 21:29:00,1,1.0
4315,2018-06-29 21:30:00,2018-06-29 21:59:00,1,1.0
4316,2018-06-29 22:00:00,2018-06-29 22:29:00,1,1.0
4317,2018-06-29 22:30:00,2018-06-29 22:59:00,1,1.0
4318,2018-06-29 23:00:00,2018-06-29 23:29:00,1,1.0
4319,2018-06-29 23:30:00,2018-06-29 23:59:00,1,1.0
4320,2018-06-30 00:00:00,2018-06-30 00:29:00,1,1.0
4321,2018-06-30 00:30:00,2018-06-30 00:59:00,1,1.0
4322,2018-06-30 01:00:00,2018-06-30 01:29:00,1,1.0
4323,2018-06-30 01:30:00,2018-06-30 01:59:00,1,1.0
4324,2018-06-30 02:00:00,2018-06-30 02:29:00,1,1.0
4325,2018-06-30 02:30:00,2018-06-30 02:59:00,1,1.0
4326,2018-06-30 03:00:00,2018-06-30 03:29:00,1,1.0
4327,2018-06-30 03:30:00,2018-06-30 03:59:00,1,1.0
4328,2018-06-30 04:00:00,2018-06-30 04:29:00,1,1.0
4329,2018-06-30 04:30:00,2018-06-30 04:59:00,1,1.0
4330,2018-06-30 05:00:00,2018-06-30 05:29:00,1,1.0
4331,2018-06-30 05:30:00,2018-06-30 05:59:00,1,1.0
4332,2018-06-30 06:00:00,2018-06-30 06:29:00,1,1.0
4333,2018-06-30 06:30:00,2018-06-30 06:59:00,1,1.0
4334,2018-06-30 07:00:00,2018-06-30 07:29:00,1,1.0
4335,2018-06-30 07:30:00,2018-06-30 07:59:00,1,1.0
4336,2018-06-30 08:00:00,2018-06-30 08:29:00,1,1.0
4337,2018-06-30 08:30:00,2018-06-30 08:59:00,1,1.0
4338,2018-06-30 09:00:00,2018-06-30 09:29:00,2,1.0
4339,2018-06-30 09:30:00,2018-06-30 09:59:00,3,1.0
4340,2018-06-30 10:00:00,2018-06-30 10:29:00,4,1.0
4341,2018-06-30 10:30:00,2018-06-30 10:59:00,4,1.0
4342,2018-06-30 11:00:00,2018-06-30 11:29:00,4,1.0
4343,2018-06-30 11:30:00,2018-06-30 11:59:00,5,1.0
4344,2018-06-30 12:00:00,2018-06-30 12:29:00,5,1.0
4345,2018-06-30 12:30:00,2018-06-30 12:59:00,5,1.0
4346,2018-06-30 13:00:00,2018-06-30 13:29:00,5,1.0
4347,2018-06-30 13:30:00,2018-06-30 13:59:00,5,1.0
4348,2018-06-30 14:00:00,2018-06-30 14:29:00,5,1.0
4349,2018-06-30 14:30:00,2018-06-30 14:59:00,2,1.0
4350,2018-06-30 15:00:00,2018-06-30 15:29:00,2,1.0
4351,2018-06-30 15:30:00,2018-06-30 15:59:00,4,1.0
4352,2018-06-30 16:00:00,2018-06-30 16:29:00,5,1.0
4353,2018-06-30 16:30:00,2018-06-30 16:59:00,5,1.0
4354,2018-06-30 17:00:00,2018-06-30 17:29:00,5,1.0
4355,2018-06-30 17:30:00,2018-06-30 17:59:00,5,1.0
4356,2018-06-30 18:00:00,2018-06-30 18:29:00,5,1.0
4357,2018-06-30 18:30:00,2018-06-30 18:59:00,5,1.0
4358,2018-06-30 19:00:00,2018-06-30 19:29:00,5,1.0
4359,2018-06-30 19:30:00,2018-06-30 19:59:00,5,1.0
4360,2018-06-30 20:00:00,2018-06-30 20:29:00,5,1.0
4361,2018-06-30 20:30:00,2018-06-30 20:59:00,5,1.0
4362,2018-06-30 21:00:00,2018-06-30 21:29:00,5,1.0
4363,2018-06-30 21:30:00,2018-06-30 21:59:00,5,1.0
4364,2018-06-30 22:00:00,2018-06-30 22:29:00,5,1.0
4365,2018-06-30 22:30:00,2018-06-30 22:59:00,5,1.0
4366,2018-06-30 23:00:00,2018-06-30 23:29:00,5,1.0
4367,2018-06-30 23:30:00,2018-06-30 23:59:00,5,1.0
4368,2018-07-01 00:00:00,2018-07-01 00:29:00,5,1.0
4369,2018-07-01 00:30:00,2018-07-01 00:59:00,5,1.0
4370,2018-07-01 01:00:00,2018-07-01 01:29:00,5,1.0
4371,2018-07-01 01:30:00,2018-07-01 01:59:00,5,1.0
4372,2018-07-01 02:00:00,2018-07-01 02:29:00,5,1.0
4373,2018-07-01 02:30:00,2018-07-01 02:59:00,5,1.0
4374,2018-07-01 03:00:00,2018-07-01 03:29:00,5,1.0
4375,2018-07-01 03:30:00,2018-07-01 03:59:00,5,1.0
4376,2018-07-01 04:00:00,2018-07-01 04:29:00,5,1.0
4377,2018-07-01 04:30:00,2018-07-01 04:59:00,5,1.0
4378,2018-07-01 05:00:00,2018-07-01 05:29:00,5,1.0
4379,2018-07-01 05:30:00,2018-07-01 05:59:00,5,1.0
4380,2018-07-01 06:00:00,2018-07-01 06:29:00,5,1.0
4381,2018-07-01 06:30:00,2018-07-01 06:59:00,5,1.0
4382,2018-07-01 07:00:00,2018-07-01 07:29:00,5,1.0
4383,2018-07-01 07:30:00,2018-07-01 07:59:00,5,1.0
4384,2018-07-01 08:00:00,2018-07-01 08:29:00,5,1.0
4385,2018-07-01 08:30:00,2018-07-01 08:59:00,5,1.0
4386,2018-07-01 09:00:00,2018-07-01 09:29:00,5,1.0
4387,2018-07-01 09:30:00,2018-07-01 09:59:00,5,1.0
4388,2018-07-01 10:00:00,2018-07-01 10:29:00,5,1.0
4389,2018-07-01 10:30:00,2018-07-01 10:59:00,5,1.0
4390,2018-07-01 11:00:00,2018-07-01 11:29:00,5,1.0
4391,2018-07-01 11:30:00,2018-07-01 11:59:00,5,1.0
4392,2018-07-01 12:00:00,2018-07-01 12:29:00,5,1.0
4393,2018-07-01 12:30:00,2018-07-01 12:59:00,5,1.0
4394,2018-07-01 13:00:00,2018-07-01 13:29:00,5,1.0
4395,2018-07-01 13:30:00,2018-07-01 13:59:00,5,1.0
4396,2018-07-01 14:00:00,2018-07-01 14:29:00,5,1.0
4397,2018-07-01 14:30:00,2018-07-01 14:59:00,5,1.0
4398,2018-07-01 15:00:00,2018-07-01 15:29:00,5,1.0
4399,2018-07-01 15:30:00,2018-07-01 15:59:00,5,1.0
4400,2018-07-01 16:00:00,2018-07-01 16:29:00,5,1.0
4401,2018-07-01 16:30:00,2018-07-01 16:59:00,5,1.0
4402,2018-07-01 17:00:00,2018-07-01 17:29:00,5,1.0
4403,2018-07-01 17:30:00,2018-07-01 17:59:00,5,1.0
4404,2018-07-01 18:00:00,2018-07-01 18:29:00,5,1.0
4405,2018-07-01 18:30:00,2018-07-01 18:59:00,5,1.0
4406,2018-07-01 19:00:00,2018-07-01 19:29:00,5,1.0
4407,2018-07-01 19:30:00,2018-07-01 19:59:00,5,1.0
4408,2018-07-01 20:00:00,2018-07-01 20:29:00,5,1.0
4409,2018-07-01 20:30:00,2018-07-01 20:59:00,5,1.0
4410,2018-07-01 21:00:00,2018-07-01 21:29:00,5,1.0
4411,2018-07-01 21:30:00,2018-07-01 21:59:00,5,1.0
4412,2018-07-01 22:00:00,2018-07-01 22:29:00,5,1.0
4413,2018-07-01 22:30:00,2018-07-01 22:59:00,5,1.0
4414,2018-07-01 23:00:00,2018-07-01 23:29:00,5,1.0
4415,2018-07-01 23:30:00,2018-07-01 23:59:00,5,1.0
4416,2018-07-02 00:00:00,2018-07-02 00:29:00,5,1.0
4417,2018-07-02 00:30:00,2018-07-02 00:59:00,5,1.0
4418,2018-07-02 01:00:00,2018-07-02 01:29:00,5,1.0
4419,2018-07-02 01:30:00,2018-07-02 01:59:00,5,1.0
4420,2018-07-02 02:00:00,2018-07-02 02:29:00,5,1.0
4421,2018-07-02 02:30:00,2018-07-02 02:59:00,5,1.0
4422,2018-07-02 03:00:00,2018-07-02 03:29:00,5,1.0
4423,2018-07-02 03:30:00,2018-07-02 03:59:00,5,1.0
4424,2018-07-02 04:00:00,2018-07-02 04:29:00,5,1.0
4425,2018-07-02 04:30:00,2018-07-02 04:59:00,5,1.0
4426,2018-07-02 05:00:00,2018-07-02 05:29:00,5,1.0
4427,2018-07-02 05:30:00,2018-07-02 05:59:00,5,1.0
4428,2018-07-02 06:00:00,2018-07-02 06:29:00,5,1.0
4429,2018-07-02 06:30:00,2018-07-02 06:59:00,5,1.0
4430,2018-07-02 07:00:00,2018-07-02 07:29:00,5,1.0
4431,2018-07-02 07:30:00,2018-07-02 07:59:00,5,1.0
4432,2018-07-02 08:00:00,2018-07-02 08:29:00,5,1.0
4433,2018-07-02 08:30:00,2018-07-02 08:59:00,5,1.0
4434,2018-07-02 09:00:00,2018-07-02 09:29:00,5,1.0
4435,2018-07-02 09:30:00,2018-07-02 09:59:00,5,1.0
4436,2018-07-02 10:00:00,2018-07-02 10:29:00,5,1.0
4437,2018-07-02 10:30:00,2018-07-02 10:59:00,5,1.0
4438,2018-07-02 11:00:00,2018-07-02 11:29:00,5,1.0
4439,2018-07-02 11:30:00,2018-07-02 11:59:00,5,1.0
4440,2018-07-02 12:00:00,2018-07-02 12:29:00,5,1.0
4441,2018-07-02 12:30:00,2018-07-02 12:59:00,5,1.0
4442,2018-07-02 13:00:00,2018-07-02 13:29:00,5,1.0
4443,2018-07-02 13:30:00,2018-07-02 13:59:00,5,1.0
4444,2018-07-02 14:00:00,2018-07-02 14:29:00,5,1.0
4445,2018-07-02 14:30:00,2018-07-02 14:59:00,5,1.0
4446,2018-07-02 15:00:00,2018-07-02 15:29:00,5,1.0
4447,2018-07-02 15:30:00,2018-07-02 15:59:00,5,1.0
4448,2018-07-02 16:00:00,2018-07-02 16:29:00,5,1.0
4449,2018-07-02 16:30:00,2018-07-02 16:59:00,5,1.0
4450,2018-07-02 17:00:00,2018-07-02 17:29:00,5,1.0
4451,2018-07-02 17:30:00,2018-07-02 17:59:00,5,1.0
4452,2018-07-02 18:00:00,2018-07-02 18:29:00,5,1.0
4453,2018-07-02 18:30:00,2018-07-02 18:59:00,5,1.0
4454,2018-07-02 19:00:00,2018-07-02 19:29:00,5,1.0
4455,2018-07-02 19:30:00,2018-07-02 19:59:00,5,1.0
4456,2018-07-02 20:00:00,2018-07-02 20:29:00,5,1.0
4457,2018-07-02 20:30:00,2018-07-02 20:59:00,5,1.0
4458,2018-07-02 21:00:00,2018-07-02 21:29:00,5,1.0
4459,2018-07-02 21:30:00,2018-07-02 21:59:00,5,1.0
4460,2018-07-02 22:00:00,2018-07-02 22:29:00,5,1.0
4461,2018-07-02 22:30:00,2018-07-02 22:59:00,5,1.0
4462,2018-07-02 23:00:00,2018-07-02 23:29:00,5,1.0
4463,2018-07-02 23:30:00,2018-07-02 23:59:00,5,1.0
4464,2018-07-03 00:00:00,2018-07-03 00:29:00,5,1.0
4465,2018-07-03 00:30:00,2018-07-03 00:59:00,5,1.0
4466,2018-07-03 01:00:00,2018-07-03 01:29:00,5,1.0
4467,2018-07-03 01:30:00,2018-07-03 01:59:00,5,1.0
4468,2018-07-03 02:00:00,2018-07-03 02:29:00,5,1.0
4469,2018-07-03 02:30:00,2018-07-03 02:59:00,5,1.0
4470,2018-07-03 03:00:00,2018-07-03 03:29:00,5,1.0
4471,2018-07-03 03:30:00,2018-07-03 03:59:00,5,1.0
4472,2018-07-03 04:00:00,2018-07-03 04:29:00,5,1.0
4473,2018-07-03 04:30:00,2018-07-03 04:59:00,5,1.0
4474,2018-07-03 05:00:00,2018-07-03 05:29:00,5,1.0
4475,2018-07-03 05:30:00,2018-07-03 05:59:00,5,1.0
4476,2018-07-03 06:00:00,2018-07-03 06:29:00,5,1.0
4477,2018-07-03 06:30:00,2018-07-03 06:59:00,5,1.0
4478,2018-07-03 07:00:00,2018-07-03 07:29:00,5,1.0
4479,2018-07-03 07:30:00,2018-07-03 07:59:00,5,1.0
4480,2018-07-03 08:00:00,2018-07-03 08:29:00,5,1.0
4481,2018-07-03 08:30:00,2018-07-03 08:59:00,5,1.0
4482,2018-07-03 09:00:00,2018-07-03 09:29:00,5,1.0
4483,2018-07-03 09:30:00,2018-07-03 09:59:00,5,1.0
4484,2018-07-03 10:00:00,2018-07-03 10:29:00,5,1.0
4485,2018-07-03 10:30:00,2018-07-03 10:59:00,5,1.0
4486,2018-07-03 11:00:00,2018-07-03 11:29:00,5,1.0
4487,2018-07-03 11:30:00,2018-07-03 11:59:00,5,1.0
4488,2018-07-03 12:00:00,2018-07-03 12:29:00,5,1.0
4489,2018-07-03 12:30:00,2018-07-03 12:59:00,5,1.0
4490,2018-07-03 13:00:00,2018-07-03 13:29:00,5,1.0
4491,2018-07-03 13:30:00,2018-07-03 13:59:00,5,1.0
4492,2018-07-03 14:00:00,2018-07-03 14:29:00,5,1.0
4493,2018-07-03 14:30:00,2018-07-03 14:59:00,2,1.0
4531,2018-07-04 09:30:00,2018-07-04 09:59:00,1,1.0
4532,2018-07-04 10:00:00,2018-07-04 10:29:00,1,0.867
5600,2018-07-26 16:00:00,2018-07-26 16:29:00,1,0.6
5601,2018-07-26 16:30:00,2018-07-26 16:59:00,1,1.0
5602,2018-07-26 17:00:00,2018-07-26 17:29:00,1,0.967
5603,2018-07-26 17:30:00,2018-07-26 17:59:00,1,1.0
5604,2018-07-26 18:00:00,2018-07-26 18:29:00,1,1.0
5605,2018-07-26 18:30:00,2018-07-26 18:59:00,1,1.0
5606,2018-07-26 19:00:00,2018-07-26 19:29:00,1,1.0
5607,2018-07-26 19:30:00,2018-07-26 19:59:00,1,1.0
5608,2018-07-26 20:00:00,2018-07-26 20:29:00,1,1.0
