varian,bulan,klaster,proporsi,n_window_bulan
A,2018-04,0,0.9447429009976976,1303
A,2018-04,1,0.05525709900230238,1303
A,2018-05,0,0.5534979423868313,1458
A,2018-05,1,0.44650205761316875,1458
A,2018-06,0,0.9323529411764706,1360
A,2018-06,1,0.06764705882352941,1360
A,2018-07,0,0.999259807549963,1351
A,2018-07,1,0.0007401924500370096,1351
A,2018-08,0,0.989247311827957,1488
A,2018-08,1,0.010752688172043012,1488
B,2018-04,0,0.0,1303
B,2018-04,1,1.0,1303
B,2018-05,0,0.3813443072702332,1458
B,2018-05,1,0.6186556927297668,1458
B,2018-06,0,0.03897058823529412,1360
B,2018-06,1,0.9610294117647059,1360
B,2018-07,0,0.0,1351
B,2018-07,1,1.0,1351
B,2018-08,0,0.0006720430107526882,1488
B,2018-08,1,0.9993279569892473,1488
