varian,peringkat,fitur,kontribusi_varians
A,1,sensor_20__mean,0.27507307063001696
A,2,sensor_14__mean,0.24025803281195396
A,3,sensor_19__mean,0.22386128332969119
A,4,sensor_21__mean,0.13660898017758305
A,5,sensor_16__mean,0.10518660934077274
A,6,sensor_09__mean,0.006804439872954045
A,7,sensor_17__mean,0.006291280045634223
A,8,sensor_18__mean,0.0018504701092706736
A,9,sensor_04__mean,0.0007925768362876546
A,10,sensor_00__slope,0.00025796954544104637
B,1,sensor_19__std,0.011608518999541498
B,2,sensor_19__mean,0.01160745560063193
B,3,sensor_19__dstd,0.011604204415826911
B,4,sensor_18__dstd,0.011314946046578693
B,5,sensor_18__std,0.011312236354187682
B,6,sensor_17__mean,0.01107031928073209
B,7,sensor_18__mean,0.011068082738910984
B,8,sensor_17__dstd,0.011038590654770045
B,9,sensor_17__std,0.011038450763811311
B,10,sensor_22__std,0.010896360487983283
