K,WCSS,Silhouette,DBI,ukuran_min,frac_min,kandidat,terpilih
2,1199173.4646317693,0.35383780870672676,1.2838808344164452,610,0.08764367816091954,True,True
3,1109810.2354127008,0.0956250700381704,2.5087636123627246,606,0.08706896551724137,True,False
4,1061195.2302570862,0.10038669965552009,2.2575403539033347,131,0.01882183908045977,True,False
5,1026534.2681461378,0.08974747275374767,2.6634307292350448,129,0.01853448275862069,True,False
6,1005455.6112975191,0.08287194272390963,2.7539601471972617,126,0.01810344827586207,True,False
7,984263.2564743505,0.0656926728409281,2.9250032058389204,129,0.01853448275862069,True,False
8,963932.8331013197,0.06301096555902219,2.975856499055537,128,0.01839080459770115,True,False
9,952564.7354446021,0.05686328892421203,3.0473498727233994,126,0.01810344827586207,True,False
10,938630.8639070446,0.056902287859458556,3.008168129942398,124,0.017816091954022988,True,False
