lag,sensor_00,sensor_01,sensor_02,sensor_03,sensor_04,sensor_05,sensor_06,sensor_07,sensor_08,sensor_09,sensor_10,sensor_11,sensor_12,sensor_13,sensor_14,sensor_16,sensor_17,sensor_18,sensor_19,sensor_20,sensor_21,sensor_22,sensor_23,sensor_24,sensor_25,sensor_26,sensor_27,sensor_28,sensor_29,sensor_30,sensor_31,sensor_32,sensor_33,sensor_34,sensor_35,sensor_36,sensor_37,sensor_38,sensor_39,sensor_40,sensor_41,sensor_42,sensor_43,sensor_44,sensor_45,sensor_46,sensor_47,sensor_48,sensor_49
1,0.9945,0.9856,0.9994,0.9989,0.9983,0.9956,0.9933,0.9899,0.989,0.9579,0.9974,0.9981,0.998,0.996,0.9992,0.9985,0.9977,0.9925,0.9995,0.9996,0.9995,0.9996,0.9996,0.9993,0.9994,0.9995,0.9795,0.9979,0.9833,0.9921,0.9856,0.9895,0.9956,0.9974,0.9973,0.9994,0.9564,0.995,0.9971,0.9912,0.9965,0.9983,0.9951,0.9303,0.9952,0.9949,0.9948,0.9987,0.9976
2,0.9907,0.9841,0.9994,0.9989,0.9977,0.9924,0.9878,0.9793,0.9815,0.9319,0.9944,0.9962,0.9951,0.9926,0.9983,0.997,0.9966,0.9898,0.9991,0.9993,0.9991,0.9992,0.9993,0.9988,0.9989,0.999,0.9779,0.9959,0.9811,0.9891,0.9805,0.9846,0.9919,0.9938,0.9941,0.9989,0.951,0.9831,0.9898,0.9699,0.9883,0.9943,0.9834,0.9171,0.9831,0.9814,0.9822,0.9955,0.9917
3,0.9853,0.9826,0.9994,0.9988,0.9973,0.988,0.9824,0.9701,0.9755,0.9101,0.9909,0.9944,0.9918,0.989,0.9974,0.9956,0.9957,0.9876,0.9988,0.9989,0.9987,0.9988,0.9989,0.9982,0.9985,0.9986,0.9723,0.9938,0.9796,0.9865,0.977,0.9797,0.9882,0.9906,0.991,0.9983,0.9477,0.9666,0.9792,0.9413,0.9767,0.9885,0.9672,0.8977,0.9653,0.961,0.9629,0.9909,0.9833
4,0.9803,0.9813,0.9994,0.9986,0.9971,0.9854,0.9778,0.9622,0.9702,0.8922,0.9873,0.9925,0.9882,0.986,0.9967,0.9943,0.9947,0.9855,0.9985,0.9986,0.9983,0.9984,0.9985,0.9977,0.9981,0.9981,0.9688,0.9917,0.9775,0.9839,0.9743,0.9749,0.9848,0.9882,0.9885,0.9977,0.9451,0.9478,0.9664,0.9101,0.9629,0.9811,0.9487,0.8743,0.9435,0.9356,0.9386,0.9855,0.9731
5,0.9749,0.9801,0.9994,0.9985,0.9967,0.9822,0.9727,0.9563,0.9651,0.8749,0.9839,0.9906,0.9845,0.9829,0.996,0.9931,0.9938,0.9834,0.9981,0.9982,0.9979,0.998,0.9981,0.9971,0.9977,0.9976,0.9646,0.9897,0.9765,0.9816,0.9724,0.97,0.982,0.9862,0.9863,0.9971,0.9421,0.9282,0.9519,0.8788,0.9477,0.9725,0.9291,0.8484,0.9192,0.9066,0.9107,0.9796,0.9618
6,0.969,0.979,0.9993,0.9984,0.9962,0.9798,0.9686,0.9514,0.96,0.8613,0.9807,0.9888,0.981,0.9802,0.9953,0.992,0.9929,0.9814,0.9978,0.9979,0.9975,0.9976,0.9978,0.9965,0.9974,0.9972,0.9605,0.9881,0.9753,0.9794,0.971,0.9651,0.9794,0.9845,0.9843,0.9965,0.939,0.9084,0.9362,0.8491,0.9318,0.9631,0.9095,0.8212,0.8933,0.8755,0.8805,0.9736,0.9498
7,0.9658,0.9779,0.9993,0.9982,0.9958,0.977,0.9644,0.9467,0.9553,0.8482,0.9776,0.987,0.9778,0.9774,0.9947,0.991,0.9921,0.9795,0.9974,0.9976,0.9971,0.9973,0.9974,0.9959,0.997,0.9967,0.9564,0.9867,0.9738,0.9773,0.9696,0.9611,0.9771,0.9829,0.9825,0.996,0.9361,0.889,0.9197,0.8214,0.9158,0.9531,0.8902,0.7936,0.8667,0.8433,0.8491,0.9675,0.9373
8,0.962,0.9775,0.9993,0.998,0.9955,0.9742,0.961,0.9425,0.9509,0.8406,0.9748,0.9854,0.975,0.9749,0.9941,0.9901,0.9913,0.9777,0.9971,0.9972,0.9967,0.9969,0.997,0.9954,0.9967,0.9962,0.9522,0.9855,0.9732,0.9757,0.9683,0.9579,0.9752,0.9816,0.9809,0.9955,0.933,0.8701,0.9027,0.7961,0.8999,0.9427,0.8714,0.7664,0.8398,0.811,0.8173,0.9614,0.9247
9,0.9589,0.9761,0.9993,0.9978,0.9952,0.9712,0.9576,0.9389,0.9465,0.8306,0.972,0.9837,0.9726,0.9725,0.9935,0.9894,0.9905,0.976,0.9968,0.9969,0.9963,0.9966,0.9967,0.9949,0.9964,0.9958,0.9481,0.9843,0.9724,0.9743,0.9664,0.9553,0.9737,0.9802,0.9794,0.9951,0.9303,0.8519,0.8855,0.773,0.8843,0.932,0.8532,0.7398,0.8132,0.7792,0.7858,0.9554,0.912
10,0.9557,0.9753,0.9993,0.9976,0.9947,0.9683,0.9544,0.9361,0.9429,0.8217,0.9695,0.9821,0.9705,0.9704,0.993,0.9886,0.9898,0.9744,0.9964,0.9965,0.9959,0.9962,0.9963,0.9943,0.9961,0.9953,0.9437,0.9833,0.9715,0.973,0.9645,0.9532,0.9725,0.9791,0.9783,0.9947,0.9273,0.8344,0.8682,0.752,0.8693,0.9212,0.8356,0.7141,0.7872,0.7485,0.7552,0.9494,0.8994
11,0.9536,0.9745,0.9992,0.9974,0.9943,0.9653,0.9511,0.9335,0.9392,0.8136,0.9671,0.9806,0.9686,0.9684,0.9925,0.988,0.9891,0.973,0.9961,0.9962,0.9955,0.9959,0.996,0.9938,0.9958,0.9949,0.9396,0.9823,0.9709,0.9719,0.963,0.9513,0.9715,0.9781,0.9772,0.9944,0.9245,0.8176,0.851,0.7328,0.8548,0.9104,0.8187,0.6901,0.7621,0.7193,0.7256,0.9436,0.887
12,0.9512,0.9738,0.9992,0.9971,0.9939,0.9629,0.9478,0.9301,0.9354,0.8032,0.9649,0.9791,0.9669,0.9664,0.9921,0.9873,0.9885,0.9717,0.9957,0.9958,0.9951,0.9955,0.9956,0.9933,0.9955,0.9944,0.9357,0.9813,0.9704,0.9708,0.9618,0.9497,0.9706,0.9772,0.9763,0.994,0.9217,0.8016,0.834,0.7153,0.8411,0.8997,0.8025,0.6666,0.7382,0.6917,0.6974,0.938,0.8748
13,0.9499,0.9731,0.9992,0.9969,0.9937,0.9604,0.9443,0.9259,0.9313,0.7951,0.9629,0.9778,0.9653,0.9646,0.9917,0.9868,0.988,0.9706,0.9954,0.9954,0.9947,0.9951,0.9953,0.9928,0.9952,0.9939,0.9317,0.9805,0.9698,0.97,0.961,0.9484,0.9698,0.9763,0.9753,0.9936,0.9189,0.7862,0.8172,0.6993,0.8279,0.889,0.7869,0.6449,0.7153,0.6659,0.6706,0.9325,0.863
14,0.9485,0.9725,0.9992,0.9966,0.9933,0.9585,0.941,0.9205,0.9273,0.7872,0.961,0.9765,0.9638,0.9627,0.9914,0.9863,0.9875,0.9696,0.995,0.9951,0.9943,0.9948,0.9949,0.9923,0.9949,0.9935,0.9281,0.9797,0.9689,0.9693,0.9601,0.947,0.9692,0.9756,0.9746,0.9933,0.9162,0.7714,0.8007,0.6846,0.8153,0.8784,0.772,0.6248,0.6938,0.642,0.6454,0.9271,0.8516
15,0.9472,0.9719,0.9991,0.9963,0.9928,0.956,0.9375,0.9149,0.9238,0.7835,0.9593,0.9753,0.9625,0.961,0.991,0.9859,0.987,0.9688,0.9947,0.9948,0.9939,0.9945,0.9946,0.9918,0.9946,0.9931,0.9244,0.9789,0.9683,0.9686,0.9594,0.9459,0.9688,0.9751,0.974,0.993,0.9139,0.7573,0.7844,0.6711,0.8031,0.8678,0.7577,0.6061,0.6735,0.6199,0.6218,0.9219,0.8405
16,0.9463,0.9711,0.9991,0.9961,0.9924,0.9545,0.9342,0.9092,0.9204,0.7759,0.9577,0.9742,0.9613,0.9593,0.9907,0.9855,0.9866,0.968,0.9944,0.9944,0.9936,0.9942,0.9943,0.9913,0.9943,0.9927,0.9208,0.9782,0.9674,0.9681,0.9588,0.9448,0.9687,0.9748,0.9735,0.9926,0.9113,0.7436,0.7685,0.6587,0.7913,0.8572,0.7441,0.5888,0.6545,0.5995,0.5997,0.9169,0.8297
17,0.9446,0.9705,0.9991,0.9958,0.9921,0.952,0.931,0.9042,0.9171,0.7723,0.9561,0.9732,0.9603,0.9577,0.9904,0.9851,0.9861,0.9671,0.9941,0.9941,0.9932,0.9938,0.994,0.9908,0.994,0.9923,0.9172,0.9775,0.9669,0.9677,0.9582,0.9439,0.9687,0.9745,0.9731,0.9923,0.9089,0.7304,0.7527,0.647,0.7796,0.8466,0.7312,0.573,0.6367,0.5809,0.5792,0.912,0.8194
18,0.9439,0.9699,0.999,0.9955,0.9918,0.9509,0.9279,0.8993,0.9138,0.7678,0.9547,0.9724,0.9593,0.9562,0.9901,0.9846,0.9857,0.9664,0.9938,0.9938,0.9929,0.9935,0.9937,0.9903,0.9937,0.9918,0.9138,0.9768,0.9665,0.9671,0.9575,0.943,0.9686,0.9743,0.9727,0.992,0.9064,0.7175,0.7373,0.6362,0.7682,0.836,0.7189,0.5585,0.62,0.5638,0.5602,0.9073,0.8095
19,0.942,0.9693,0.999,0.9952,0.9914,0.9485,0.9248,0.8944,0.9104,0.7641,0.9534,0.9716,0.9585,0.9548,0.9898,0.9843,0.9854,0.9657,0.9936,0.9935,0.9925,0.9932,0.9934,0.9899,0.9934,0.9915,0.9105,0.9761,0.9657,0.9666,0.9567,0.9424,0.9686,0.974,0.9724,0.9917,0.9039,0.7049,0.7221,0.626,0.7569,0.8254,0.7072,0.5454,0.6046,0.5483,0.5427,0.9028,0.8
20,0.9412,0.9687,0.999,0.9948,0.991,0.9476,0.9217,0.8901,0.9071,0.7604,0.9521,0.9709,0.9577,0.9533,0.9895,0.9839,0.985,0.9652,0.9933,0.9933,0.9922,0.993,0.993,0.9894,0.9931,0.9911,0.9069,0.9753,0.9651,0.966,0.956,0.942,0.9685,0.9738,0.9722,0.9914,0.9017,0.6926,0.7072,0.6165,0.7457,0.8148,0.6961,0.5335,0.5902,0.534,0.5266,0.8984,0.7909
21,0.9396,0.9681,0.9989,0.9945,0.9906,0.9455,0.9186,0.8859,0.9038,0.7557,0.9509,0.9702,0.957,0.9521,0.9892,0.9836,0.9847,0.9646,0.9931,0.993,0.9919,0.9927,0.9928,0.989,0.9928,0.9907,0.9038,0.9746,0.9644,0.9654,0.9552,0.9415,0.9682,0.9736,0.9719,0.9911,0.8995,0.6805,0.6927,0.6075,0.7347,0.8042,0.6854,0.5225,0.5769,0.521,0.5118,0.8942,0.7821
22,0.9384,0.9675,0.9989,0.9942,0.9903,0.9444,0.9154,0.8818,0.9006,0.752,0.9498,0.9696,0.9564,0.9507,0.989,0.9832,0.9843,0.9639,0.9928,0.9927,0.9916,0.9925,0.9925,0.9886,0.9925,0.9903,0.9003,0.9738,0.9635,0.9647,0.9544,0.941,0.9678,0.9734,0.9716,0.9908,0.8973,0.6688,0.6786,0.599,0.724,0.7937,0.6752,0.5126,0.5645,0.5091,0.4984,0.8902,0.7738
23,0.9374,0.9669,0.9988,0.9938,0.9899,0.9427,0.9124,0.8788,0.8975,0.75,0.9487,0.9691,0.9558,0.9496,0.9887,0.9829,0.9839,0.9633,0.9926,0.9925,0.9913,0.9923,0.9923,0.9882,0.9923,0.9899,0.8971,0.9729,0.9629,0.9639,0.9535,0.9406,0.9671,0.9733,0.9714,0.9905,0.8954,0.6574,0.6651,0.591,0.7136,0.7833,0.6654,0.5037,0.5531,0.4981,0.4863,0.8864,0.7658
24,0.9361,0.9664,0.9988,0.9935,0.9895,0.9414,0.9093,0.8761,0.8945,0.7478,0.9476,0.9686,0.9553,0.9484,0.9884,0.9825,0.9836,0.9627,0.9924,0.9923,0.9911,0.9921,0.992,0.9878,0.992,0.9895,0.8942,0.972,0.9623,0.9631,0.9529,0.9404,0.9663,0.9731,0.9712,0.9902,0.8933,0.6464,0.6521,0.5833,0.7036,0.7732,0.656,0.4955,0.5425,0.4879,0.4753,0.8827,0.7582
25,0.9352,0.9659,0.9988,0.9931,0.9891,0.94,0.9066,0.8737,0.8917,0.7454,0.9466,0.9681,0.9548,0.9473,0.9882,0.9822,0.9833,0.9622,0.9921,0.992,0.9908,0.9918,0.9918,0.9875,0.9917,0.9891,0.8912,0.9711,0.9617,0.9622,0.9521,0.9405,0.9656,0.9729,0.971,0.9899,0.8914,0.6358,0.6396,0.576,0.6941,0.7632,0.6469,0.488,0.5327,0.4785,0.4654,0.8792,0.7509
26,0.9338,0.9654,0.9987,0.9927,0.9888,0.9385,0.9038,0.8711,0.889,0.7432,0.9456,0.9676,0.9543,0.9462,0.9879,0.9818,0.9829,0.9616,0.9919,0.9918,0.9905,0.9916,0.9915,0.9871,0.9914,0.9887,0.8886,0.9703,0.9614,0.9615,0.9513,0.9407,0.965,0.9726,0.9707,0.9897,0.8894,0.6254,0.6277,0.5691,0.6851,0.7534,0.6381,0.4813,0.5235,0.4697,0.4565,0.8758,0.744
27,0.933,0.9649,0.9987,0.9924,0.9884,0.9371,0.9014,0.8684,0.8863,0.7403,0.9447,0.9672,0.9539,0.9452,0.9876,0.9815,0.9826,0.9611,0.9917,0.9916,0.9903,0.9913,0.9913,0.9868,0.9911,0.9883,0.8856,0.9697,0.9608,0.9609,0.9505,0.941,0.9645,0.9723,0.9705,0.9894,0.8876,0.6153,0.6164,0.5625,0.6767,0.744,0.6296,0.4753,0.5151,0.4615,0.4483,0.8725,0.7375
28,0.9316,0.9645,0.9986,0.992,0.988,0.9356,0.8989,0.8649,0.8835,0.7388,0.9438,0.9669,0.9535,0.9441,0.9874,0.9812,0.9822,0.9605,0.9915,0.9913,0.99,0.9911,0.991,0.9864,0.9909,0.9879,0.8832,0.9692,0.9602,0.9604,0.9498,0.9412,0.9644,0.9721,0.9702,0.9891,0.8856,0.6055,0.6057,0.5563,0.6687,0.7348,0.6215,0.4697,0.5072,0.4538,0.441,0.8694,0.7312
29,0.9307,0.9642,0.9986,0.9916,0.9876,0.934,0.8961,0.8613,0.8809,0.7359,0.9428,0.9665,0.9531,0.9432,0.9872,0.9809,0.9819,0.96,0.9913,0.9911,0.9897,0.9909,0.9908,0.9861,0.9906,0.9875,0.8805,0.9689,0.9599,0.96,0.9491,0.9415,0.9645,0.9717,0.9699,0.9888,0.8838,0.596,0.5956,0.5505,0.6613,0.7259,0.6137,0.4647,0.4998,0.4466,0.4343,0.8664,0.7253
30,0.9294,0.9638,0.9985,0.9912,0.9872,0.9325,0.8934,0.8576,0.8783,0.7381,0.9419,0.9661,0.9527,0.9422,0.9869,0.9806,0.9816,0.9594,0.9911,0.9908,0.9894,0.9906,0.9906,0.9857,0.9904,0.9871,0.8784,0.9686,0.9592,0.9597,0.9482,0.9415,0.9647,0.9713,0.9694,0.9885,0.8817,0.5869,0.5862,0.5451,0.6542,0.7172,0.6061,0.4601,0.4929,0.4397,0.4281,0.8636,0.7196
31,0.9284,0.9635,0.9985,0.9908,0.9868,0.9309,0.8907,0.8536,0.8756,0.731,0.941,0.9657,0.9523,0.9413,0.9867,0.9804,0.9812,0.9589,0.9908,0.9906,0.9892,0.9904,0.9903,0.9854,0.9901,0.9868,0.8758,0.9683,0.9587,0.9594,0.9476,0.9409,0.9647,0.9709,0.969,0.9882,0.8801,0.5781,0.5774,0.5399,0.6475,0.7089,0.5987,0.4557,0.4864,0.4332,0.4224,0.8608,0.7141
32,0.9272,0.9631,0.9984,0.9904,0.9864,0.9294,0.8881,0.8502,0.8731,0.7286,0.9401,0.9653,0.9519,0.9404,0.9865,0.9801,0.9809,0.9584,0.9906,0.9904,0.9889,0.9902,0.9901,0.985,0.9899,0.9864,0.8739,0.9679,0.9583,0.959,0.9469,0.9401,0.9647,0.9704,0.9685,0.9879,0.8785,0.5697,0.5692,0.535,0.6411,0.7007,0.5915,0.4517,0.4803,0.4271,0.4172,0.8582,0.7088
33,0.9261,0.9626,0.9984,0.99,0.986,0.9278,0.8858,0.8468,0.8704,0.7264,0.9392,0.9648,0.9514,0.9396,0.9863,0.9798,0.9806,0.9578,0.9904,0.9901,0.9886,0.99,0.9899,0.9847,0.9896,0.986,0.8717,0.9673,0.9579,0.9584,0.9464,0.9388,0.9646,0.97,0.968,0.9876,0.8768,0.5617,0.5617,0.5304,0.635,0.6927,0.5843,0.4479,0.4744,0.4212,0.4124,0.8556,0.7038
34,0.9252,0.9621,0.9983,0.9896,0.9856,0.9265,0.8834,0.8437,0.8684,0.7233,0.9383,0.9644,0.9509,0.9388,0.9861,0.9795,0.9802,0.9573,0.9902,0.9899,0.9884,0.9898,0.9896,0.9843,0.9893,0.9857,0.8696,0.9668,0.9574,0.9576,0.9459,0.937,0.9642,0.9695,0.9674,0.9872,0.8754,0.5541,0.5547,0.5259,0.6291,0.6848,0.5773,0.4443,0.4689,0.4156,0.4079,0.8532,0.699
35,0.9238,0.9615,0.9983,0.9892,0.9853,0.9245,0.8816,0.8411,0.8663,0.721,0.9374,0.9639,0.9504,0.938,0.9858,0.9792,0.9799,0.9568,0.99,0.9897,0.9881,0.9896,0.9894,0.984,0.989,0.9853,0.8677,0.9662,0.957,0.9564,0.9453,0.9349,0.963,0.969,0.9669,0.9869,0.8733,0.547,0.5484,0.5216,0.6232,0.6771,0.5704,0.4407,0.4636,0.4103,0.4038,0.8508,0.6944
36,0.9231,0.961,0.9982,0.9887,0.9849,0.9236,0.8798,0.8385,0.8643,0.7187,0.9365,0.9634,0.9498,0.9372,0.9856,0.9789,0.9796,0.9562,0.9898,0.9895,0.9878,0.9894,0.9892,0.9837,0.9888,0.985,0.8655,0.9655,0.9565,0.9552,0.9447,0.9325,0.9615,0.9685,0.9664,0.9866,0.872,0.5404,0.5425,0.5174,0.6175,0.6693,0.5634,0.4372,0.4586,0.4052,0.3998,0.8486,0.69
37,0.9214,0.9604,0.9981,0.9883,0.9845,0.9215,0.8781,0.8357,0.8625,0.7164,0.9356,0.9629,0.9491,0.9365,0.9853,0.9785,0.9793,0.9557,0.9896,0.9892,0.9876,0.9891,0.9889,0.9833,0.9885,0.9846,0.8634,0.9649,0.9558,0.954,0.9441,0.9301,0.96,0.9681,0.9658,0.9863,0.8704,0.5342,0.537,0.5132,0.6117,0.6616,0.5566,0.4338,0.4537,0.4002,0.396,0.8464,0.6859
38,0.9209,0.9599,0.9981,0.9878,0.9841,0.9205,0.8764,0.8344,0.8608,0.7146,0.9347,0.9623,0.9484,0.9358,0.9851,0.9782,0.9789,0.9551,0.9894,0.989,0.9873,0.9889,0.9887,0.983,0.9883,0.9843,0.8613,0.9641,0.9554,0.9527,0.9434,0.9281,0.9588,0.9676,0.9653,0.986,0.8692,0.5285,0.5319,0.5091,0.606,0.6537,0.5497,0.4304,0.4491,0.3954,0.3922,0.8443,0.682
39,0.9193,0.9593,0.998,0.9874,0.9837,0.9185,0.8746,0.833,0.859,0.7128,0.9339,0.9617,0.9477,0.9351,0.9848,0.978,0.9786,0.9546,0.9891,0.9888,0.987,0.9886,0.9885,0.9827,0.988,0.9839,0.8593,0.9632,0.9549,0.9513,0.9428,0.9261,0.9581,0.9671,0.9647,0.9856,0.8675,0.5232,0.5272,0.5049,0.6003,0.6458,0.5428,0.4272,0.4447,0.3907,0.3886,0.8423,0.6783
40,0.9185,0.9587,0.9979,0.9869,0.9834,0.9174,0.8726,0.8314,0.8571,0.71,0.933,0.9612,0.947,0.9344,0.9846,0.9777,0.9783,0.9541,0.9889,0.9886,0.9868,0.9884,0.9883,0.9823,0.9878,0.9836,0.8571,0.9623,0.9545,0.95,0.9423,0.9247,0.9576,0.9668,0.9643,0.9853,0.8659,0.5184,0.5228,0.5008,0.5947,0.6378,0.536,0.424,0.4405,0.3862,0.3851,0.8404,0.6748
41,0.9172,0.9581,0.9979,0.9865,0.983,0.9156,0.8708,0.8311,0.8551,0.7078,0.9322,0.9605,0.9462,0.9336,0.9844,0.9775,0.978,0.9536,0.9887,0.9883,0.9865,0.9881,0.988,0.982,0.9875,0.9833,0.8553,0.9614,0.954,0.9489,0.9418,0.9234,0.9571,0.9664,0.9639,0.985,0.8646,0.514,0.5189,0.4968,0.5893,0.6297,0.5291,0.4209,0.4365,0.3818,0.3816,0.8386,0.6715
42,0.916,0.9576,0.9978,0.986,0.9826,0.9141,0.8689,0.8305,0.8532,0.7052,0.9314,0.9599,0.9455,0.933,0.9842,0.9772,0.9777,0.9531,0.9885,0.9881,0.9863,0.9878,0.9878,0.9817,0.9873,0.983,0.8532,0.9606,0.9537,0.9478,0.9412,0.9225,0.9567,0.9661,0.9635,0.9847,0.8631,0.51,0.5152,0.4929,0.584,0.6215,0.5224,0.4179,0.4326,0.3775,0.3781,0.8368,0.6683
43,0.9152,0.9571,0.9977,0.9855,0.9822,0.9127,0.8667,0.83,0.8512,0.7039,0.9306,0.9593,0.9447,0.9323,0.984,0.9769,0.9774,0.9526,0.9883,0.9879,0.986,0.9876,0.9876,0.9814,0.9871,0.9827,0.8514,0.9599,0.9532,0.947,0.9407,0.9217,0.9563,0.9658,0.963,0.9844,0.8616,0.5064,0.512,0.4892,0.579,0.6133,0.5156,0.4149,0.4289,0.3733,0.3747,0.8352,0.6652
44,0.9137,0.9567,0.9977,0.9851,0.9818,0.911,0.8645,0.8295,0.8492,0.7022,0.9299,0.9587,0.944,0.9316,0.9838,0.9767,0.9771,0.9521,0.9881,0.9877,0.9858,0.9873,0.9874,0.981,0.9868,0.9824,0.8494,0.9594,0.9529,0.9462,0.9403,0.9211,0.9559,0.9655,0.9626,0.9841,0.8602,0.5031,0.5091,0.4856,0.5744,0.6052,0.5088,0.4126,0.4252,0.3692,0.3713,0.8336,0.6622
45,0.9129,0.9562,0.9976,0.9846,0.9814,0.9096,0.8624,0.8295,0.8473,0.7044,0.9292,0.9581,0.9432,0.9309,0.9836,0.9764,0.9768,0.9516,0.9879,0.9875,0.9855,0.9871,0.9872,0.9807,0.9866,0.9821,0.8475,0.9588,0.9524,0.9456,0.9398,0.9205,0.9557,0.9652,0.9622,0.9838,0.859,0.5001,0.5065,0.4821,0.57,0.5971,0.5021,0.4095,0.4216,0.3652,0.3679,0.8321,0.6593
46,0.9115,0.9556,0.9975,0.9841,0.981,0.908,0.8602,0.8293,0.8454,0.6999,0.9285,0.9575,0.9424,0.9302,0.9834,0.9762,0.9766,0.9511,0.9877,0.9872,0.9853,0.9869,0.987,0.9804,0.9864,0.9818,0.8458,0.9584,0.952,0.945,0.9392,0.9199,0.9557,0.9649,0.9618,0.9835,0.8577,0.4974,0.5042,0.4788,0.566,0.5891,0.4954,0.407,0.418,0.3612,0.3645,0.8306,0.6564
47,0.9107,0.9551,0.9975,0.9837,0.9807,0.9066,0.8581,0.8276,0.8435,0.699,0.9278,0.9569,0.9415,0.9295,0.9832,0.9759,0.9762,0.9506,0.9876,0.987,0.985,0.9867,0.9867,0.9801,0.9861,0.9815,0.8441,0.9578,0.9515,0.9445,0.9385,0.9193,0.9557,0.9647,0.9615,0.9832,0.8562,0.495,0.5022,0.4758,0.5623,0.5813,0.4888,0.4046,0.4143,0.3573,0.3612,0.8292,0.6536
48,0.9093,0.9547,0.9974,0.9832,0.9803,0.9051,0.8561,0.8258,0.8415,0.6949,0.9272,0.9563,0.9407,0.9288,0.983,0.9757,0.976,0.9501,0.9874,0.9868,0.9848,0.9865,0.9865,0.9798,0.9859,0.9812,0.8424,0.9573,0.951,0.9442,0.938,0.9188,0.9559,0.9644,0.9611,0.9829,0.8551,0.4929,0.5004,0.4729,0.559,0.5737,0.4822,0.4021,0.4107,0.3535,0.358,0.8278,0.6509
49,0.9083,0.9541,0.9973,0.9827,0.9799,0.9035,0.854,0.8246,0.8396,0.6924,0.9266,0.9556,0.9398,0.928,0.9829,0.9755,0.9757,0.9497,0.9872,0.9866,0.9845,0.9863,0.9863,0.9795,0.9857,0.9809,0.8406,0.9567,0.9507,0.944,0.9377,0.9184,0.9561,0.9641,0.9607,0.9826,0.8537,0.491,0.4988,0.47,0.556,0.5662,0.4756,0.3997,0.407,0.3497,0.3549,0.8265,0.6483
50,0.9072,0.9536,0.9972,0.9823,0.9795,0.9021,0.852,0.8236,0.8377,0.6894,0.926,0.955,0.9389,0.9274,0.9827,0.9753,0.9754,0.9493,0.987,0.9864,0.9843,0.9861,0.9861,0.9792,0.9854,0.9806,0.8389,0.9562,0.9502,0.9438,0.9371,0.9179,0.9564,0.9638,0.9604,0.9823,0.8524,0.4894,0.4972,0.4671,0.5533,0.5588,0.4691,0.3972,0.4033,0.3459,0.3518,0.8253,0.6457
51,0.906,0.953,0.9972,0.9818,0.9791,0.9004,0.85,0.8234,0.8358,0.6858,0.9253,0.9545,0.938,0.9266,0.9825,0.9751,0.9751,0.9488,0.9868,0.9861,0.984,0.9858,0.9859,0.9789,0.9852,0.9803,0.8373,0.9557,0.9496,0.9436,0.9366,0.9177,0.9565,0.9635,0.96,0.982,0.8513,0.4879,0.4957,0.4643,0.5509,0.5516,0.4625,0.3945,0.3996,0.3423,0.3488,0.824,0.6431
52,0.9051,0.9523,0.9971,0.9813,0.9787,0.8992,0.848,0.8237,0.8339,0.6835,0.9247,0.9539,0.9371,0.926,0.9823,0.9749,0.9749,0.9485,0.9866,0.9859,0.9838,0.9856,0.9857,0.9786,0.9849,0.98,0.8357,0.9553,0.9491,0.9434,0.936,0.9175,0.9565,0.9632,0.9597,0.9817,0.8501,0.4865,0.4941,0.4614,0.5485,0.5444,0.456,0.3918,0.3959,0.3386,0.3459,0.8228,0.6407
53,0.9037,0.9516,0.997,0.9808,0.9784,0.8973,0.8459,0.8238,0.832,0.6805,0.9241,0.9533,0.9361,0.9252,0.9821,0.9747,0.9746,0.9481,0.9864,0.9857,0.9835,0.9854,0.9855,0.9783,0.9847,0.9797,0.8341,0.9549,0.9488,0.9432,0.9355,0.9174,0.9562,0.963,0.9594,0.9814,0.8488,0.4852,0.4924,0.4585,0.5462,0.5374,0.4496,0.3891,0.3922,0.3351,0.343,0.8216,0.6383
54,0.9031,0.951,0.9969,0.9804,0.978,0.8963,0.8442,0.8239,0.8304,0.6777,0.9235,0.9527,0.9352,0.9245,0.982,0.9744,0.9744,0.9477,0.9862,0.9855,0.9833,0.9852,0.9852,0.978,0.9845,0.9794,0.8326,0.9546,0.9483,0.9429,0.9349,0.9172,0.9558,0.9628,0.9591,0.9812,0.8478,0.484,0.4904,0.4556,0.5438,0.5303,0.4433,0.3868,0.3886,0.3316,0.3401,0.8205,0.636
55,0.9013,0.9505,0.9969,0.9799,0.9776,0.8944,0.8423,0.8241,0.829,0.6755,0.9229,0.9521,0.9342,0.9237,0.9818,0.9742,0.9741,0.9473,0.986,0.9852,0.983,0.985,0.985,0.9776,0.9842,0.9791,0.8313,0.9543,0.9479,0.9425,0.9344,0.9171,0.9554,0.9626,0.9588,0.9809,0.8468,0.4827,0.4881,0.4528,0.5414,0.5233,0.4371,0.3847,0.3851,0.3281,0.3372,0.8194,0.6338
56,0.9009,0.95,0.9968,0.9794,0.9772,0.8936,0.8403,0.8239,0.8274,0.6726,0.9222,0.9515,0.9333,0.923,0.9816,0.974,0.9739,0.947,0.9857,0.985,0.9827,0.9847,0.9848,0.9773,0.984,0.9788,0.8296,0.9537,0.9475,0.9418,0.9339,0.9168,0.9546,0.9623,0.9585,0.9806,0.8455,0.4814,0.4855,0.4501,0.5389,0.5163,0.4309,0.3828,0.3818,0.3248,0.3343,0.8184,0.6316
57,0.8991,0.9497,0.9967,0.9789,0.9768,0.8916,0.8383,0.8236,0.8258,0.6689,0.9216,0.951,0.9324,0.9222,0.9814,0.9738,0.9736,0.9466,0.9855,0.9848,0.9824,0.9845,0.9845,0.977,0.9838,0.9785,0.828,0.953,0.9469,0.9411,0.9334,0.9166,0.9537,0.9621,0.9582,0.9803,0.8443,0.4801,0.4825,0.4473,0.5363,0.5092,0.4249,0.381,0.3787,0.3215,0.3313,0.8173,0.6295
58,0.8984,0.9493,0.9966,0.9784,0.9765,0.8907,0.8368,0.8231,0.824,0.6667,0.9209,0.9504,0.9315,0.9216,0.9812,0.9736,0.9734,0.9462,0.9853,0.9845,0.9822,0.9842,0.9843,0.9766,0.9835,0.9782,0.8264,0.9522,0.9464,0.9403,0.9327,0.9164,0.953,0.9619,0.9579,0.9801,0.8434,0.4788,0.4792,0.4447,0.5336,0.5022,0.419,0.3791,0.3759,0.3184,0.3282,0.8164,0.6274
59,0.897,0.9488,0.9965,0.9779,0.9761,0.8891,0.835,0.8227,0.8218,0.6635,0.9203,0.9499,0.9306,0.9208,0.981,0.9734,0.9731,0.9458,0.9851,0.9843,0.9819,0.984,0.984,0.9763,0.9833,0.9779,0.8249,0.9512,0.9461,0.9395,0.9321,0.9166,0.9522,0.9616,0.9576,0.9798,0.8426,0.4775,0.4756,0.442,0.5309,0.4953,0.4131,0.3772,0.3733,0.3154,0.3251,0.8154,0.6254
60,0.8959,0.9484,0.9965,0.9775,0.9757,0.8878,0.8333,0.8213,0.8196,0.6657,0.9197,0.9493,0.9297,0.9201,0.9808,0.9732,0.9729,0.9454,0.9848,0.9841,0.9816,0.9837,0.9838,0.976,0.9831,0.9776,0.8237,0.9502,0.9456,0.9389,0.9314,0.9166,0.9515,0.9614,0.9573,0.9795,0.8412,0.4763,0.4717,0.4392,0.5282,0.4885,0.4074,0.3752,0.3709,0.3125,0.322,0.8144,0.6233
