sensor,n_segmen_dipakai,titik_dipakai,persen_data_dipakai,acf_lag1
sensor_00,5,210130,100.0,0.9945
sensor_01,4,220003,100.0,0.9856
sensor_02,1,220320,100.0,0.9994
sensor_03,1,220320,100.0,0.9989
sensor_04,1,220320,100.0,0.9983
sensor_05,1,220320,100.0,0.9956
sensor_06,4,215473,99.97,0.9933
sensor_07,4,214891,100.0,0.9899
sensor_08,3,215146,99.96,0.989
sensor_09,3,215653,99.95,0.9579
sensor_10,1,220320,100.0,0.9974
sensor_11,1,220320,100.0,0.9981
sensor_12,1,220320,100.0,0.998
sensor_13,1,220320,100.0,0.996
sensor_14,1,220320,100.0,0.9992
sensor_16,1,220320,100.0,0.9985
sensor_17,1,220320,100.0,0.9977
sensor_18,1,220320,100.0,0.9925
sensor_19,1,220320,100.0,0.9995
sensor_20,1,220320,100.0,0.9996
sensor_21,1,220320,100.0,0.9995
sensor_22,1,220320,100.0,0.9996
sensor_23,1,220320,100.0,0.9996
sensor_24,1,220320,100.0,0.9993
sensor_25,1,220320,100.0,0.9994
sensor_26,1,220320,100.0,0.9995
sensor_27,1,220320,100.0,0.9795
sensor_28,1,220320,100.0,0.9979
sensor_29,2,220279,100.0,0.9833
sensor_30,2,220081,100.0,0.9921
sensor_31,1,220320,100.0,0.9856
sensor_32,2,220285,100.0,0.9895
sensor_33,1,220320,100.0,0.9956
sensor_34,1,220320,100.0,0.9974
sensor_35,1,220320,100.0,0.9973
sensor_36,1,220320,100.0,0.9994
sensor_37,1,220320,100.0,0.9564
sensor_38,1,220320,100.0,0.995
sensor_39,1,220320,100.0,0.9971
sensor_40,1,220320,100.0,0.9912
sensor_41,1,220320,100.0,0.9965
sensor_42,1,220320,100.0,0.9983
sensor_43,1,220320,100.0,0.9951
sensor_44,1,220320,100.0,0.9303
sensor_45,1,220320,100.0,0.9952
sensor_46,1,220320,100.0,0.9949
sensor_47,1,220320,100.0,0.9948
sensor_48,1,220320,100.0,0.9987
sensor_49,1,220320,100.0,0.9976
