nama_variabel,skala_waktu,n_segmen,titik_dipakai,lag_signifikan_pertama,nilai_acf_lag1
sensor_00,1m,5,210130,1,0.9945
sensor_00,5m,5,42025,1,0.9768
sensor_00,15m,5,14008,1,0.9578
sensor_00,30m,5,7003,1,0.9521
sensor_00,60m,5,3499,1,0.9277
sensor_01,1m,4,220003,1,0.9856
sensor_01,5m,4,43998,1,0.9927
sensor_01,15m,4,14665,1,0.9903
sensor_01,30m,3,7265,1,0.9864
sensor_01,60m,3,3632,1,0.9775
sensor_02,1m,1,220320,1,0.9994
sensor_02,5m,1,44064,1,0.9998
sensor_02,15m,1,14688,1,0.9997
sensor_02,30m,1,7344,1,0.9992
sensor_02,60m,1,3672,1,0.9974
sensor_03,1m,1,220320,1,0.9989
sensor_03,5m,1,44064,1,0.9994
sensor_03,15m,1,14688,1,0.9977
sensor_03,30m,1,7344,1,0.9934
sensor_03,60m,1,3672,1,0.9827
sensor_04,1m,1,220320,1,0.9983
sensor_04,5m,1,44064,1,0.9984
sensor_04,15m,1,14688,1,0.9962
sensor_04,30m,1,7344,1,0.9924
sensor_04,60m,1,3672,1,0.9846
