var1,var2,corr
sensor_19,sensor_20,0.9982266904777028
sensor_20,sensor_21,0.9970752664931793
sensor_19,sensor_21,0.995974141431592
sensor_14,sensor_16,0.9903642714432436
sensor_19,sensor_22,0.9882262170197642
sensor_22,sensor_23,0.9868753246493058
sensor_20,sensor_22,0.9865396343883357
sensor_19,sensor_24,0.9856068618935954
sensor_21,sensor_24,0.9849267129359294
sensor_19,sensor_25,0.9847794835988545
sensor_20,sensor_25,0.9842511422445438
sensor_21,sensor_22,0.9842324612463292
sensor_20,sensor_24,0.98397611314114
sensor_17,sensor_18,0.9833434527366883
sensor_14,sensor_19,0.9830431216114166
sensor_22,sensor_25,0.9825043623493703
sensor_21,sensor_25,0.9823301957605948
sensor_14,sensor_20,0.9799883096197098
sensor_16,sensor_19,0.9796153917920195
sensor_20,sensor_23,0.9790594822201476
sensor_19,sensor_23,0.9786885255877459
sensor_21,sensor_23,0.9784603459531441
sensor_16,sensor_20,0.9769052314490738
sensor_22,sensor_24,0.9758803453110105
sensor_16,sensor_21,0.9735037736079434
sensor_14,sensor_22,0.9722998107582188
sensor_14,sensor_25,0.9721182850732194
sensor_14,sensor_21,0.9717087896161838
sensor_25,sensor_26,0.9706999368454691
sensor_23,sensor_25,0.9702442476894586
sensor_24,sensor_25,0.9699482321301093
sensor_16,sensor_25,0.9682645417741503
sensor_16,sensor_22,0.968149468731561
sensor_23,sensor_24,0.9670193161874652
sensor_16,sensor_24,0.9659758639816309
sensor_14,sensor_24,0.9649317116825153
sensor_14,sensor_23,0.9615563489046094
sensor_16,sensor_23,0.9588446500041486
sensor_22,sensor_26,0.9563627105787239
sensor_23,sensor_26,0.9553468954335051
sensor_21,sensor_26,0.95437098788933
sensor_16,sensor_17,0.9522670271564916
sensor_20,sensor_26,0.9518983434306144
sensor_19,sensor_26,0.9500289642716716
sensor_00,sensor_04,0.9428202628672243
sensor_24,sensor_26,0.9390801575441484
sensor_17,sensor_19,0.930786927048167
sensor_14,sensor_17,0.930255584829526
sensor_16,sensor_26,0.9301744241724891
sensor_17,sensor_21,0.928268525303161
sensor_14,sensor_26,0.9281316121520027
sensor_17,sensor_24,0.9260237336716356
sensor_17,sensor_20,0.9259043498574324
sensor_16,sensor_18,0.9254233895687823
sensor_17,sensor_22,0.9201155888062977
sensor_17,sensor_25,0.9171020651280206
sensor_18,sensor_21,0.9119785576808059
sensor_18,sensor_19,0.907677534597994
sensor_04,sensor_10,0.9075399683765261
sensor_07,sensor_08,0.9065627377253398
sensor_18,sensor_20,0.9065614688702464
sensor_17,sensor_23,0.9056382960549482
sensor_18,sensor_24,0.9041198241219162
sensor_07,sensor_09,0.9020773052494652
sensor_14,sensor_18,0.9012145911731657
sensor_18,sensor_22,0.8971209792406961
sensor_18,sensor_25,0.8967941716599518
sensor_17,sensor_26,0.88745948467148
sensor_18,sensor_23,0.8857726264165897
sensor_18,sensor_26,0.878121025904034
sensor_21,sensor_33,0.86776039702598
sensor_31,sensor_32,0.8651937839155822
sensor_24,sensor_33,0.8644938624074066
sensor_26,sensor_32,0.8636651076071077
sensor_19,sensor_33,0.8633744463550851
sensor_04,sensor_11,0.8626493268193975
sensor_17,sensor_33,0.8616774750902944
sensor_00,sensor_10,0.8614612366082336
sensor_20,sensor_33,0.8602714842347692
sensor_16,sensor_33,0.855487332202445
sensor_32,sensor_33,0.8543342727895324
sensor_06,sensor_07,0.8528452202258334
sensor_23,sensor_30,0.8518268331231861
sensor_21,sensor_30,0.8496017049736461
sensor_18,sensor_33,0.8480354944040606
sensor_25,sensor_33,0.8478427874189399
sensor_31,sensor_33,0.8464264323733753
sensor_08,sensor_09,0.8445881301952852
sensor_39,sensor_42,0.842505043007034
sensor_26,sensor_30,0.8391924613841871
sensor_14,sensor_33,0.8384026095745738
sensor_24,sensor_30,0.8372405860817994
sensor_20,sensor_30,0.8365251989276803
sensor_23,sensor_33,0.8362623625422632
sensor_22,sensor_33,0.8361540401407702
sensor_23,sensor_32,0.8354702573926751
sensor_19,sensor_30,0.834401905469433
sensor_25,sensor_32,0.8341006428220775
sensor_21,sensor_32,0.8337297058866084
sensor_11,sensor_12,0.8317230639673442
sensor_30,sensor_32,0.8299572712714728
sensor_24,sensor_32,0.8292741533852228
sensor_25,sensor_30,0.8290239202948002
sensor_22,sensor_32,0.8285071029326946
sensor_26,sensor_33,0.8273849238434638
sensor_22,sensor_30,0.8265598824994748
sensor_10,sensor_11,0.8259298139956728
sensor_19,sensor_32,0.8227079160869556
sensor_20,sensor_32,0.8224577607482589
sensor_02,sensor_03,0.8223223485665955
sensor_02,sensor_04,0.8203882537239398
sensor_30,sensor_33,0.8203622642308708
sensor_18,sensor_30,0.8174663004565248
sensor_17,sensor_32,0.8160030807841347
sensor_21,sensor_28,0.8149618934586307
sensor_17,sensor_30,0.8147612157810599
sensor_16,sensor_30,0.81473569919392
sensor_18,sensor_32,0.8137419970481726
sensor_16,sensor_32,0.8119024512009951
sensor_34,sensor_35,0.8107432624694648
sensor_20,sensor_28,0.8081109251462536
sensor_28,sensor_33,0.8070149208877871
sensor_19,sensor_28,0.8065243248503552
sensor_24,sensor_28,0.8053944133930125
sensor_21,sensor_31,0.804557321732689
sensor_04,sensor_06,0.8038832119284681
sensor_04,sensor_12,0.8031855192387652
sensor_17,sensor_31,0.8022248695504353
sensor_18,sensor_31,0.8018252798557944
sensor_26,sensor_31,0.8010403887265769
sensor_23,sensor_35,0.7998928397539693
sensor_24,sensor_31,0.7958302376295332
sensor_28,sensor_31,0.7952336402323514
sensor_25,sensor_28,0.7944417360077368
sensor_30,sensor_31,0.7929683971285335
sensor_14,sensor_30,0.7929299177324733
sensor_16,sensor_28,0.7921929820409797
sensor_14,sensor_32,0.791078282361578
sensor_29,sensor_33,0.7901710261977003
sensor_20,sensor_31,0.7892416281595839
sensor_19,sensor_31,0.7888861106953361
sensor_26,sensor_28,0.7843756902461817
sensor_25,sensor_31,0.783591988238327
sensor_23,sensor_31,0.7814119211432655
sensor_40,sensor_43,0.7807313635282965
sensor_17,sensor_28,0.7792141351975657
sensor_14,sensor_28,0.7788732769381219
sensor_22,sensor_31,0.7782440678915202
sensor_16,sensor_31,0.7778238781427641
sensor_06,sensor_09,0.774657206617081
sensor_22,sensor_28,0.7746178781824196
sensor_38,sensor_41,0.7714651661269328
sensor_00,sensor_11,0.7708521747918653
sensor_18,sensor_28,0.7707068001608327
sensor_22,sensor_35,0.7669484736836111
sensor_10,sensor_12,0.7663435198410214
sensor_06,sensor_08,0.7638968859074055
sensor_42,sensor_43,0.7628126618451552
sensor_06,sensor_10,0.7609705335896404
sensor_26,sensor_35,0.7601593319235529
sensor_23,sensor_28,0.7592174160005611
sensor_00,sensor_05,0.7568361897310226
sensor_02,sensor_10,0.7566363785783794
sensor_34,sensor_36,0.756489517860073
sensor_35,sensor_36,0.7558349555163837
sensor_06,sensor_11,0.7548134526011125
sensor_28,sensor_32,0.7536439815421396
sensor_00,sensor_06,0.7509727621642589
sensor_14,sensor_31,0.7483588761348083
sensor_01,sensor_02,0.7373839986863974
sensor_16,sensor_35,0.7346043207525043
sensor_17,sensor_35,0.7302483691641403
sensor_19,sensor_35,0.7287957424886599
sensor_25,sensor_35,0.7270075974577219
sensor_21,sensor_35,0.7259988051135869
sensor_41,sensor_42,0.7258225130532838
sensor_14,sensor_35,0.725705357139565
sensor_20,sensor_35,0.7255211927936791
sensor_45,sensor_46,0.7175547838563046
sensor_24,sensor_35,0.7131978729440529
sensor_02,sensor_11,0.7113761973890979
sensor_24,sensor_29,0.7104489674065313
sensor_21,sensor_29,0.7027174655714672
