,n_outliers,n_valid
sensor_09,68775,215753
sensor_20,59582,220320
sensor_14,58161,220320
sensor_19,58110,220320
sensor_21,56065,220320
sensor_16,48818,220320
sensor_17,37967,220320
sensor_18,37910,220320
sensor_30,37164,220081
sensor_27,32756,220320
sensor_31,32615,220320
sensor_24,31015,220320
sensor_33,30007,220320
sensor_12,28681,220320
sensor_25,28502,220320
sensor_22,27963,220320
sensor_26,27937,220320
sensor_28,27654,220320
sensor_04,27242,220320
sensor_32,26793,220285
sensor_29,26447,220279
sensor_23,26200,220320
sensor_49,21416,220320
sensor_00,19999,210130
sensor_05,19366,220320
sensor_10,18820,220320
sensor_11,17878,220320
sensor_45,17024,220320
sensor_38,16215,220320
sensor_08,15802,215232
sensor_02,15491,220320
sensor_07,13815,214891
sensor_46,13761,220320
sensor_47,13584,220320
sensor_01,13489,220005
sensor_44,13114,220320
sensor_06,11755,215541
sensor_43,11723,220320
sensor_40,11448,220320
sensor_03,10726,220320
sensor_41,10225,220320
sensor_35,10182,220320
sensor_39,9086,220320
sensor_42,8539,220320
sensor_48,920,220320
sensor_13,3,220320
sensor_36,0,220320
sensor_37,0,220320
sensor_34,0,220320
