nama_variabel,skala_waktu,lag_signifikan_pertama,nilai_acf_lag1
sensor_00,1m,1,0.9997
sensor_00,5m,1,0.9991
sensor_00,15m,1,0.9975
sensor_00,30m,1,0.994
sensor_00,60m,1,0.9881
sensor_01,1m,1,0.9942
sensor_01,5m,1,0.9963
sensor_01,15m,1,0.9946
sensor_01,30m,1,0.9918
sensor_01,60m,1,0.9864
sensor_02,1m,1,0.9994
sensor_02,5m,1,0.9998
sensor_02,15m,1,0.9997
sensor_02,30m,1,0.9992
sensor_02,60m,1,0.9974
sensor_03,1m,1,0.9989
sensor_03,5m,1,0.9994
sensor_03,15m,1,0.9977
sensor_03,30m,1,0.9934
sensor_03,60m,1,0.9827
sensor_04,1m,1,0.9983
sensor_04,5m,1,0.9984
sensor_04,15m,1,0.9962
sensor_04,30m,1,0.9924
sensor_04,60m,1,0.9846
