lag,sensor_00,sensor_01,sensor_02,sensor_03,sensor_04
1,0.9997,0.9942,0.9994,0.9989,0.9983
2,0.9995,0.9933,0.9994,0.9989,0.9977
3,0.9992,0.9924,0.9994,0.9988,0.9973
4,0.999,0.9916,0.9994,0.9987,0.9971
5,0.9988,0.9909,0.9994,0.9985,0.9967
6,0.9985,0.9902,0.9993,0.9984,0.9962
7,0.9983,0.9896,0.9993,0.9982,0.9958
8,0.998,0.9891,0.9993,0.998,0.9955
9,0.9977,0.9884,0.9993,0.9978,0.9952
10,0.9974,0.9879,0.9993,0.9976,0.9947
11,0.9971,0.9875,0.9992,0.9974,0.9943
12,0.9969,0.987,0.9992,0.9972,0.9939
13,0.9966,0.9866,0.9992,0.9969,0.9937
14,0.9963,0.9862,0.9992,0.9967,0.9933
15,0.996,0.9858,0.9991,0.9964,0.9929
16,0.9958,0.9854,0.9991,0.9961,0.9924
17,0.9955,0.985,0.9991,0.9958,0.9921
18,0.9952,0.9846,0.999,0.9955,0.9918
19,0.9949,0.9842,0.999,0.9952,0.9914
20,0.9946,0.9838,0.999,0.9949,0.991
21,0.9943,0.9835,0.9989,0.9946,0.9906
22,0.994,0.9831,0.9989,0.9942,0.9903
23,0.9937,0.9827,0.9989,0.9939,0.9899
24,0.9935,0.9824,0.9988,0.9935,0.9895
25,0.9932,0.9821,0.9988,0.9932,0.9891
26,0.9929,0.9818,0.9987,0.9928,0.9888
27,0.9926,0.9815,0.9987,0.9924,0.9885
28,0.9923,0.9812,0.9986,0.9921,0.988
29,0.992,0.981,0.9986,0.9917,0.9876
30,0.9917,0.9808,0.9985,0.9913,0.9872
31,0.9914,0.9806,0.9985,0.9909,0.9868
32,0.9912,0.9803,0.9984,0.9905,0.9864
33,0.9909,0.98,0.9984,0.9901,0.986
34,0.9906,0.9797,0.9983,0.9897,0.9857
35,0.9903,0.9794,0.9983,0.9892,0.9853
36,0.9901,0.9791,0.9982,0.9888,0.9849
37,0.9897,0.9788,0.9982,0.9884,0.9845
38,0.9895,0.9785,0.9981,0.9879,0.9841
39,0.9892,0.9781,0.998,0.9875,0.9838
40,0.9889,0.9777,0.998,0.987,0.9834
41,0.9886,0.9774,0.9979,0.9866,0.983
42,0.9883,0.977,0.9978,0.9861,0.9826
43,0.988,0.9767,0.9978,0.9857,0.9822
44,0.9877,0.9764,0.9977,0.9852,0.9818
45,0.9874,0.9761,0.9976,0.9847,0.9815
46,0.9871,0.9758,0.9976,0.9843,0.9811
47,0.9868,0.9754,0.9975,0.9838,0.9807
48,0.9865,0.9751,0.9974,0.9833,0.9803
49,0.9862,0.9748,0.9974,0.9829,0.9799
50,0.9859,0.9744,0.9973,0.9824,0.9795
51,0.9856,0.974,0.9972,0.9819,0.9791
52,0.9853,0.9736,0.9971,0.9815,0.9787
53,0.985,0.9732,0.9971,0.981,0.9784
54,0.9847,0.9729,0.997,0.9805,0.978
55,0.9844,0.9725,0.9969,0.98,0.9776
56,0.9841,0.9722,0.9968,0.9795,0.9772
57,0.9837,0.9719,0.9968,0.9791,0.9769
58,0.9834,0.9716,0.9967,0.9786,0.9765
59,0.9831,0.9714,0.9966,0.9781,0.9761
60,0.9828,0.9711,0.9965,0.9776,0.9758
