,n_outliers
sensor_20,59582
sensor_09,59110
sensor_14,58161
sensor_19,58110
sensor_21,56065
sensor_16,48818
sensor_17,37967
sensor_18,37910
sensor_30,37403
sensor_51,35001
sensor_27,32756
sensor_31,32615
sensor_24,31015
sensor_33,30007
sensor_12,28681
sensor_25,28502
sensor_22,27963
sensor_26,27937
sensor_28,27654
sensor_04,27242
sensor_32,26806
sensor_29,26466
sensor_23,26200
sensor_00,24333
sensor_49,21416
sensor_08,20535
sensor_05,19366
sensor_10,18820
sensor_11,17878
sensor_07,17738
sensor_45,17024
sensor_06,16504
sensor_38,16215
sensor_02,15491
sensor_46,13761
sensor_47,13584
sensor_01,13580
sensor_44,13114
sensor_43,11723
sensor_40,11448
sensor_03,10726
sensor_41,10225
sensor_35,10182
sensor_39,9086
sensor_42,8539
sensor_48,920
sensor_13,3
sensor_34,0
sensor_36,0
sensor_37,0
